taxon,week,2016,2017,2018,2019,2020,2021
Maniola jurtina,2,0,0,1,0,0,0
Maniola jurtina,6,0,3,0,0,0,1
Maniola jurtina,8,0,0,1,0,0,0
Maniola jurtina,13,0,0,12,0,0,0
Maniola jurtina,14,6,2,15,0,2,0
Maniola jurtina,15,19,4,14,0,1,0
Maniola jurtina,16,33,6,20,5,0,0
Maniola jurtina,17,13,1,16,0,8,0
Maniola jurtina,18,10,1,11,18,1,0
Maniola jurtina,19,33,17,18,4,6,0
Maniola jurtina,20,23,17,36,19,17,0
Maniola jurtina,21,30,44,24,36,152,0
Maniola jurtina,22,40,475,217,284,1726,0
Maniola jurtina,23,264,1216,1661,1186,2850,0
Maniola jurtina,24,643,4416,4240,1627,6039,0
Maniola jurtina,25,2298,7176,7274,5707,5671,0
Maniola jurtina,26,4319,6159,9685,9137,9488,0
Maniola jurtina,27,6204,9138,10282,11664,5768,0
Maniola jurtina,28,4657,8233,9312,10462,9433,0
Maniola jurtina,29,9949,8317,8364,10492,8224,0
Maniola jurtina,30,7117,6117,7382,9801,6465,0
Maniola jurtina,31,5283,5659,5658,8909,7350,0
Maniola jurtina,32,6141,5134,4344,6210,5468,0
Maniola jurtina,33,5162,4344,2541,4939,3421,0
Maniola jurtina,34,2960,3141,2110,3989,3120,0
Maniola jurtina,35,2232,2505,1221,2723,1718,0
Maniola jurtina,36,894,1161,868,1503,1353,0
Maniola jurtina,37,891,664,509,862,897,0
Maniola jurtina,38,374,420,210,674,626,0
Maniola jurtina,39,243,302,185,177,162,0
Maniola jurtina,40,49,64,20,34,30,0
Maniola jurtina,41,5,12,5,4,7,0
Maniola jurtina,42,2,6,3,3,2,0
Maniola jurtina,43,0,2,2,1,0,0
Maniola jurtina,44,0,1,0,0,0,0
Maniola jurtina,45,0,0,1,0,1,0
Maniola jurtina,46,0,1,0,0,0,0
Maniola jurtina,48,0,0,1,0,0,0
Maniola jurtina,49,0,5,3,1,0,0
Maniola jurtina,50,0,0,3,0,0,0
Maniola jurtina,53,0,0,0,0,2,0
Aphantopus hyperantus,6,0,4,0,0,1,0
Aphantopus hyperantus,8,0,0,0,0,0,1
Aphantopus hyperantus,13,0,0,12,0,0,0
Aphantopus hyperantus,14,6,1,10,0,0,0
Aphantopus hyperantus,15,19,9,11,1,0,0
Aphantopus hyperantus,16,33,2,17,0,0,0
Aphantopus hyperantus,17,13,0,10,0,0,0
Aphantopus hyperantus,18,6,0,10,8,1,0
Aphantopus hyperantus,19,28,5,10,0,0,0
Aphantopus hyperantus,20,16,8,13,1,1,0
Aphantopus hyperantus,21,16,8,14,0,9,0
Aphantopus hyperantus,22,14,12,31,8,15,0
Aphantopus hyperantus,23,16,73,96,66,83,0
Aphantopus hyperantus,24,71,1015,354,99,530,0
Aphantopus hyperantus,25,521,4241,3113,818,2079,0
Aphantopus hyperantus,26,2377,5461,6884,4378,4964,0
Aphantopus hyperantus,27,5347,7618,8474,8553,4763,0
Aphantopus hyperantus,28,4310,6088,7299,8435,6436,0
Aphantopus hyperantus,29,8228,4803,4985,7808,4598,0
Aphantopus hyperantus,30,4572,2105,2735,5553,2924,0
Aphantopus hyperantus,31,2235,845,747,3322,1821,0
Aphantopus hyperantus,32,1376,320,255,1202,566,0
Aphantopus hyperantus,33,396,155,74,355,170,0
Aphantopus hyperantus,34,98,53,61,102,56,0
Aphantopus hyperantus,35,60,45,34,90,28,0
Aphantopus hyperantus,36,17,13,31,15,7,0
Aphantopus hyperantus,37,9,7,23,7,3,0
Aphantopus hyperantus,38,4,4,11,11,2,0
Aphantopus hyperantus,39,2,1,18,0,1,0
Aphantopus hyperantus,40,0,0,0,1,0,0
Aphantopus hyperantus,41,0,0,1,0,0,0
Aphantopus hyperantus,49,0,7,0,0,1,0
Aphantopus hyperantus,53,0,0,0,0,2,0
Pyronia tithonus,8,0,0,1,0,0,0
Pyronia tithonus,9,0,0,0,1,0,1
Pyronia tithonus,14,6,1,0,0,0,0
Pyronia tithonus,15,6,1,0,0,1,0
Pyronia tithonus,16,6,0,7,1,1,0
Pyronia tithonus,17,1,2,0,0,0,0
Pyronia tithonus,18,6,0,0,2,0,0
Pyronia tithonus,19,2,2,3,3,5,0
Pyronia tithonus,20,8,2,8,2,4,0
Pyronia tithonus,21,10,3,7,7,13,0
Pyronia tithonus,22,1,10,11,1,17,0
Pyronia tithonus,23,5,30,30,19,45,0
Pyronia tithonus,24,19,78,96,29,90,0
Pyronia tithonus,25,27,146,131,89,145,0
Pyronia tithonus,26,73,360,659,246,392,0
Pyronia tithonus,27,278,2599,3354,1209,808,0
Pyronia tithonus,28,793,5373,6697,3928,4292,0
Pyronia tithonus,29,4284,6749,7022,7404,6440,0
Pyronia tithonus,30,5012,5354,5939,8282,6175,0
Pyronia tithonus,31,4276,4791,4098,8404,7588,0
Pyronia tithonus,32,4890,4122,2667,5751,5381,0
Pyronia tithonus,33,3617,3101,991,4080,2825,0
Pyronia tithonus,34,1408,1473,441,2282,1370,0
Pyronia tithonus,35,657,749,198,882,375,0
Pyronia tithonus,36,133,170,85,235,122,0
Pyronia tithonus,37,83,42,50,85,65,0
Pyronia tithonus,38,19,24,21,29,21,0
Pyronia tithonus,39,14,4,23,5,2,0
Pyronia tithonus,40,4,0,0,2,3,0
Pyronia tithonus,41,0,2,1,0,0,0
Pyronia tithonus,44,0,0,0,0,1,0
Pyronia tithonus,45,0,0,1,0,2,0
Pyronia tithonus,52,0,0,0,1,0,0
Pieris rapae,1,0,0,0,0,0,1
Pieris rapae,2,0,0,2,0,0,0
Pieris rapae,5,0,1,0,0,0,0
Pieris rapae,6,0,7,0,0,1,1
Pieris rapae,8,0,0,0,5,0,0
Pieris rapae,9,0,0,0,10,2,3
Pieris rapae,10,0,1,1,2,1,4
Pieris rapae,11,0,6,1,1,10,0
Pieris rapae,12,3,4,2,44,23,0
Pieris rapae,13,9,59,21,155,91,0
Pieris rapae,14,54,287,54,149,197,0
Pieris rapae,15,140,464,121,273,918,0
Pieris rapae,16,287,442,711,1175,1020,0
Pieris rapae,17,129,498,418,849,1725,0
Pieris rapae,18,496,743,1512,797,635,0
Pieris rapae,19,1165,1053,2183,816,1561,0
Pieris rapae,20,1382,667,2416,1313,1095,0
Pieris rapae,21,1009,985,1843,1272,1579,0
Pieris rapae,22,1077,606,1159,682,1181,0
Pieris rapae,23,1027,284,757,543,326,0
Pieris rapae,24,261,419,497,249,724,0
Pieris rapae,25,260,650,846,384,1184,0
Pieris rapae,26,258,794,2821,780,2913,0
Pieris rapae,27,635,2400,6039,2231,2444,0
Pieris rapae,28,819,2619,7353,3223,5776,0
Pieris rapae,29,4249,3377,6966,4666,5501,0
Pieris rapae,30,3630,2205,6565,5223,4122,0
Pieris rapae,31,2643,2128,5715,4665,4698,0
Pieris rapae,32,3440,2227,4982,3223,4260,0
Pieris rapae,33,3292,2527,2957,3700,3092,0
Pieris rapae,34,2390,2546,3247,5764,3519,0
Pieris rapae,35,2856,3099,3113,4977,2665,0
Pieris rapae,36,1658,1508,1994,3286,2483,0
Pieris rapae,37,1942,1053,1392,2817,3002,0
Pieris rapae,38,922,858,703,2109,2257,0
Pieris rapae,39,596,593,1004,646,787,0
Pieris rapae,40,175,92,113,204,255,0
Pieris rapae,41,40,47,95,48,91,0
Pieris rapae,42,12,25,46,28,36,0
Pieris rapae,43,5,19,26,12,17,0
Pieris rapae,44,5,8,6,0,1,0
Pieris rapae,45,0,0,1,0,5,0
Pieris rapae,46,0,0,0,0,1,0
Pieris rapae,47,0,0,1,0,3,0
Pieris rapae,48,0,0,1,0,1,0
Pieris rapae,49,0,3,3,0,2,0
Pieris rapae,50,0,1,1,0,1,0
Pieris rapae,52,0,0,1,0,0,0
Pieris rapae,53,0,0,0,0,1,0
Pieris brassicae,1,0,0,0,0,0,1
Pieris brassicae,3,0,0,0,2,0,0
Pieris brassicae,6,0,2,0,0,0,2
Pieris brassicae,7,0,1,1,0,0,0
Pieris brassicae,8,0,0,1,2,0,2
Pieris brassicae,9,0,2,0,1,0,0
Pieris brassicae,10,0,3,0,0,1,0
Pieris brassicae,11,0,3,2,1,2,0
Pieris brassicae,12,6,1,2,11,2,0
Pieris brassicae,13,1,13,16,22,17,0
Pieris brassicae,14,29,69,19,33,40,0
Pieris brassicae,15,53,144,50,54,313,0
Pieris brassicae,16,123,113,307,464,464,0
Pieris brassicae,17,57,153,215,354,910,0
Pieris brassicae,18,201,347,806,325,291,0
Pieris brassicae,19,704,631,1480,406,943,0
Pieris brassicae,20,1066,455,2050,769,678,0
Pieris brassicae,21,909,908,1612,779,1109,0
Pieris brassicae,22,988,540,1063,447,745,0
Pieris brassicae,23,976,268,786,315,224,0
Pieris brassicae,24,233,344,530,149,612,0
Pieris brassicae,25,230,649,867,320,1078,0
Pieris brassicae,26,240,936,2700,772,2624,0
Pieris brassicae,27,671,2539,5734,2286,1980,0
Pieris brassicae,28,911,2708,6695,3338,5138,0
Pieris brassicae,29,4653,3461,5895,4451,4925,0
Pieris brassicae,30,3648,2338,5326,4580,3560,0
Pieris brassicae,31,2515,1811,4363,3871,4018,0
Pieris brassicae,32,3499,1942,3392,2401,3243,0
Pieris brassicae,33,3110,1900,1687,2385,1979,0
Pieris brassicae,34,1839,1640,1970,3196,2029,0
Pieris brassicae,35,1770,2165,1706,2525,1297,0
Pieris brassicae,36,817,967,1217,1626,1236,0
Pieris brassicae,37,1045,710,817,1692,1801,0
Pieris brassicae,38,496,615,392,1186,1418,0
Pieris brassicae,39,337,522,538,290,456,0
Pieris brassicae,40,98,103,53,107,143,0
Pieris brassicae,41,40,48,43,31,49,0
Pieris brassicae,42,24,28,18,17,26,0
Pieris brassicae,43,7,10,7,5,5,0
Pieris brassicae,44,4,2,3,0,3,0
Pieris brassicae,45,1,0,0,0,7,0
Pieris brassicae,46,0,0,2,0,2,0
Pieris brassicae,47,0,0,0,0,1,0
Pieris brassicae,48,0,0,1,0,0,0
Pieris brassicae,49,1,0,0,1,0,0
Pieris brassicae,50,0,0,0,1,0,0
Pieris brassicae,52,0,0,0,0,1,0
Pieris brassicae,53,0,0,0,0,2,0
Melanargia galathea,17,0,0,0,0,2,0
Melanargia galathea,18,0,1,0,4,2,0
Melanargia galathea,19,1,0,3,1,2,0
Melanargia galathea,20,0,0,1,0,0,0
Melanargia galathea,21,1,0,1,3,1,0
Melanargia galathea,22,2,7,5,3,45,0
Melanargia galathea,23,13,39,17,42,273,0
Melanargia galathea,24,62,497,186,153,1565,0
Melanargia galathea,25,347,2049,1733,1149,2260,0
Melanargia galathea,26,1307,2456,3192,2843,4009,0
Melanargia galathea,27,2174,3268,3475,4316,2150,0
Melanargia galathea,28,1810,2506,2849,3987,3129,0
Melanargia galathea,29,3300,1547,1526,3379,1942,0
Melanargia galathea,30,1831,568,554,2084,1082,0
Melanargia galathea,31,622,144,87,880,561,0
Melanargia galathea,32,260,50,38,201,121,0
Melanargia galathea,33,76,23,5,32,52,0
Melanargia galathea,34,16,7,3,8,5,0
Melanargia galathea,35,10,5,0,11,7,0
Melanargia galathea,36,3,1,1,1,4,0
Melanargia galathea,37,4,0,0,0,3,0
Melanargia galathea,38,7,0,0,1,1,0
Melanargia galathea,49,0,0,0,1,0,0
Thymelicus sylvestris,6,0,0,0,0,0,1
Thymelicus sylvestris,13,0,0,12,0,0,0
Thymelicus sylvestris,14,6,0,10,0,0,0
Thymelicus sylvestris,15,0,1,10,0,0,0
Thymelicus sylvestris,16,0,0,10,1,0,0
Thymelicus sylvestris,17,1,1,10,0,0,0
Thymelicus sylvestris,18,0,1,11,0,1,0
Thymelicus sylvestris,19,0,4,12,1,2,0
Thymelicus sylvestris,20,0,6,15,2,2,0
Thymelicus sylvestris,21,3,10,12,7,23,0
Thymelicus sylvestris,22,11,40,35,19,54,0
Thymelicus sylvestris,23,50,62,138,46,135,0
Thymelicus sylvestris,24,45,200,233,80,442,0
Thymelicus sylvestris,25,124,674,599,249,797,0
Thymelicus sylvestris,26,322,1209,1620,977,1759,0
Thymelicus sylvestris,27,870,2271,2456,2161,1365,0
Thymelicus sylvestris,28,809,2127,2328,2777,2402,0
Thymelicus sylvestris,29,2404,1950,1554,2776,1916,0
Thymelicus sylvestris,30,1861,957,889,2417,1285,0
Thymelicus sylvestris,31,1029,486,288,1566,943,0
Thymelicus sylvestris,32,807,272,153,680,437,0
Thymelicus sylvestris,33,421,124,30,282,137,0
Thymelicus sylvestris,34,96,47,22,104,37,0
Thymelicus sylvestris,35,49,10,19,44,6,0
Thymelicus sylvestris,36,5,1,12,12,4,0
Thymelicus sylvestris,37,6,1,15,2,1,0
Thymelicus sylvestris,38,1,1,15,1,1,0
Thymelicus sylvestris,39,2,1,10,0,1,0
Thymelicus sylvestris,40,0,0,3,0,0,0
Thymelicus sylvestris,41,0,0,1,0,0,0
Thymelicus sylvestris,49,0,0,0,1,0,0
Thymelicus sylvestris,53,0,0,0,0,1,0
Pararge aegeria,1,0,0,1,0,0,0
Pararge aegeria,2,0,0,2,1,0,0
Pararge aegeria,3,0,0,0,0,1,0
Pararge aegeria,4,0,0,0,2,0,0
Pararge aegeria,6,0,2,0,0,0,1
Pararge aegeria,7,0,0,0,0,0,2
Pararge aegeria,8,0,0,0,4,0,1
Pararge aegeria,9,0,0,0,2,0,1
Pararge aegeria,10,0,0,0,3,0,0
Pararge aegeria,11,0,3,1,1,3,0
Pararge aegeria,12,4,1,0,27,5,0
Pararge aegeria,13,4,62,13,159,27,0
Pararge aegeria,14,47,843,23,341,100,0
Pararge aegeria,15,131,1680,46,704,938,0
Pararge aegeria,16,313,1445,502,2807,1224,0
Pararge aegeria,17,132,1213,672,2674,1898,0
Pararge aegeria,18,383,1215,1411,2160,453,0
Pararge aegeria,19,1015,1290,2230,1355,1205,0
Pararge aegeria,20,1326,924,2331,2032,813,0
Pararge aegeria,21,1012,1888,1892,2165,1462,0
Pararge aegeria,22,1259,2553,2057,1870,2340,0
Pararge aegeria,23,1748,2208,3184,1875,1247,0
Pararge aegeria,24,979,2655,3319,936,1645,0
Pararge aegeria,25,1197,2377,2869,2022,1173,0
Pararge aegeria,26,1438,1362,2695,1995,1582,0
Pararge aegeria,27,1299,1713,2000,1841,725,0
Pararge aegeria,28,706,1796,2240,1580,1504,0
Pararge aegeria,29,1477,2078,2801,2173,1821,0
Pararge aegeria,30,1314,1737,3222,2615,1830,0
Pararge aegeria,31,1369,1968,3412,3053,2554,0
Pararge aegeria,32,2223,2599,3695,2531,2444,0
Pararge aegeria,33,3260,3140,3160,2429,1860,0
Pararge aegeria,34,2946,3283,3945,3188,2582,0
Pararge aegeria,35,3628,3906,3904,3148,1868,0
Pararge aegeria,36,2484,2307,3191,2739,1753,0
Pararge aegeria,37,3122,1955,2767,2868,2381,0
Pararge aegeria,38,1855,1671,1735,2831,2374,0
Pararge aegeria,39,1401,1610,2297,1225,1143,0
Pararge aegeria,40,396,318,296,287,481,0
Pararge aegeria,41,110,143,269,96,211,0
Pararge aegeria,42,36,100,161,50,124,0
Pararge aegeria,43,22,46,90,29,41,0
Pararge aegeria,44,18,18,15,3,8,0
Pararge aegeria,45,0,9,3,0,22,0
Pararge aegeria,46,4,3,2,1,4,0
Pararge aegeria,47,0,2,0,1,0,0
Pararge aegeria,48,0,0,1,1,0,0
Pararge aegeria,49,0,1,0,1,0,0
Pararge aegeria,52,0,0,1,0,0,0
Pieris napi,2,0,0,1,0,1,0
Pieris napi,5,0,0,0,1,0,0
Pieris napi,6,0,6,0,0,0,0
Pieris napi,9,0,1,0,0,0,0
Pieris napi,10,0,0,0,1,0,0
Pieris napi,11,0,3,0,1,1,0
Pieris napi,12,0,1,0,4,2,0
Pieris napi,13,3,15,12,23,5,0
Pieris napi,14,14,207,18,63,36,0
Pieris napi,15,61,511,46,158,307,0
Pieris napi,16,190,679,350,848,611,0
Pieris napi,17,116,739,582,1016,1236,0
Pieris napi,18,422,1399,1665,1079,577,0
Pieris napi,19,1306,1863,2564,1151,1372,0
Pieris napi,20,1737,1372,3072,1827,969,0
Pieris napi,21,1467,1653,2430,1504,1452,0
Pieris napi,22,1438,938,1629,804,1020,0
Pieris napi,23,1288,502,1148,815,210,0
Pieris napi,24,349,396,529,418,324,0
Pieris napi,25,340,538,488,447,425,0
Pieris napi,26,232,540,1266,519,944,0
Pieris napi,27,369,1489,3120,852,1124,0
Pieris napi,28,566,1922,4206,1379,2502,0
Pieris napi,29,2799,2542,4005,2169,2408,0
Pieris napi,30,2772,2272,3857,2893,2012,0
Pieris napi,31,2329,1810,2927,3056,2390,0
Pieris napi,32,2832,1907,2481,1980,2053,0
Pieris napi,33,2548,1634,1341,1757,1321,0
Pieris napi,34,1494,1495,1396,1956,1381,0
Pieris napi,35,1275,1649,1127,1622,797,0
Pieris napi,36,633,854,692,1042,736,0
Pieris napi,37,678,557,442,783,836,0
Pieris napi,38,307,324,207,483,465,0
Pieris napi,39,159,190,166,122,121,0
Pieris napi,40,18,22,15,19,34,0
Pieris napi,41,3,10,13,1,11,0
Pieris napi,42,2,8,7,2,0,0
Pieris napi,43,0,6,1,1,2,0
Pieris napi,45,0,0,1,0,0,0
Pieris napi,47,0,0,1,0,0,0
Pieris napi,48,0,0,0,1,0,0
Pieris napi,49,0,0,4,0,0,0
Pieris napi,50,0,0,1,0,0,0
Pieris napi,53,0,0,0,0,1,0
Vanessa atalanta,1,0,3,5,8,4,0
Vanessa atalanta,2,0,11,16,10,20,1
Vanessa atalanta,3,0,8,10,6,20,1
Vanessa atalanta,4,0,8,17,5,6,5
Vanessa atalanta,5,0,7,30,4,21,3
Vanessa atalanta,6,0,18,4,3,24,8
Vanessa atalanta,7,0,39,43,76,8,1
Vanessa atalanta,8,0,59,27,129,3,16
Vanessa atalanta,9,0,20,0,112,11,63
Vanessa atalanta,10,0,38,9,8,18,13
Vanessa atalanta,11,0,67,26,20,19,6
Vanessa atalanta,12,10,25,15,50,38,0
Vanessa atalanta,13,4,126,38,117,51,0
Vanessa atalanta,14,31,184,92,87,77,0
Vanessa atalanta,15,38,244,73,102,193,0
Vanessa atalanta,16,36,190,141,237,310,0
Vanessa atalanta,17,10,159,48,167,635,0
Vanessa atalanta,18,36,398,73,224,192,0
Vanessa atalanta,19,241,594,84,241,471,0
Vanessa atalanta,20,453,613,214,264,476,0
Vanessa atalanta,21,246,1006,192,252,418,0
Vanessa atalanta,22,318,961,344,391,533,0
Vanessa atalanta,23,321,874,455,826,311,0
Vanessa atalanta,24,153,992,533,551,1036,0
Vanessa atalanta,25,169,1466,529,1271,1350,0
Vanessa atalanta,26,295,1281,734,2508,2416,0
Vanessa atalanta,27,329,2618,1009,2383,2417,0
Vanessa atalanta,28,362,2511,1087,1825,3724,0
Vanessa atalanta,29,1661,2991,1071,2136,2903,0
Vanessa atalanta,30,1918,2347,1008,2375,1844,0
Vanessa atalanta,31,1574,2152,931,2311,1815,0
Vanessa atalanta,32,1833,1845,788,1472,1070,0
Vanessa atalanta,33,1158,1566,514,1585,790,0
Vanessa atalanta,34,829,1203,465,2421,1082,0
Vanessa atalanta,35,885,1594,612,1978,991,0
Vanessa atalanta,36,669,1197,446,1915,1008,0
Vanessa atalanta,37,1411,1781,539,2094,1311,0
Vanessa atalanta,38,1090,1694,475,1461,1087,0
Vanessa atalanta,39,1239,1796,1040,901,479,0
Vanessa atalanta,40,632,714,212,493,283,0
Vanessa atalanta,41,289,356,254,261,321,0
Vanessa atalanta,42,184,452,317,328,218,0
Vanessa atalanta,43,161,484,249,206,121,0
Vanessa atalanta,44,145,349,99,86,43,0
Vanessa atalanta,45,39,250,44,67,140,0
Vanessa atalanta,46,51,115,99,25,35,0
Vanessa atalanta,47,6,58,34,17,14,0
Vanessa atalanta,48,18,26,9,8,29,0
Vanessa atalanta,49,10,6,21,12,6,0
Vanessa atalanta,50,20,1,10,4,3,0
Vanessa atalanta,51,5,12,8,5,4,0
Vanessa atalanta,52,11,4,7,14,1,0
Vanessa atalanta,53,4,2,0,13,2,0
Aglais io,1,0,0,0,6,7,2
Aglais io,2,0,4,2,3,10,4
Aglais io,3,0,2,3,3,9,9
Aglais io,4,0,2,2,3,11,7
Aglais io,5,0,3,5,5,17,11
Aglais io,6,0,4,2,10,16,15
Aglais io,7,0,11,11,52,9,21
Aglais io,8,0,22,7,158,5,78
Aglais io,9,0,6,2,233,13,175
Aglais io,10,0,60,6,6,61,42
Aglais io,11,0,196,32,18,211,17
Aglais io,12,59,46,12,558,651,0
Aglais io,13,132,887,85,1596,1780,0
Aglais io,14,927,2589,686,1556,2050,0
Aglais io,15,1549,2503,1249,1911,4227,0
Aglais io,16,2195,1107,2857,4635,2441,0
Aglais io,17,485,1029,750,2156,2751,0
Aglais io,18,1529,1371,1432,1579,541,0
Aglais io,19,1837,1480,1280,1208,1589,0
Aglais io,20,945,785,1016,1835,728,0
Aglais io,21,542,834,612,1137,945,0
Aglais io,22,415,387,360,357,601,0
Aglais io,23,327,184,240,306,126,0
Aglais io,24,90,196,138,129,181,0
Aglais io,25,89,126,103,199,170,0
Aglais io,26,69,143,106,142,427,0
Aglais io,27,58,525,595,163,946,0
Aglais io,28,50,885,2191,597,3923,0
Aglais io,29,400,1379,1976,2114,4043,0
Aglais io,30,1258,1252,1299,3830,2931,0
Aglais io,31,1555,1295,715,4219,2901,0
Aglais io,32,1744,1424,643,1950,1601,0
Aglais io,33,1225,1264,219,1380,767,0
Aglais io,34,607,755,313,1726,603,0
Aglais io,35,460,800,316,763,394,0
Aglais io,36,298,340,191,359,397,0
Aglais io,37,233,307,127,394,502,0
Aglais io,38,193,288,107,364,386,0
Aglais io,39,96,298,281,124,135,0
Aglais io,40,38,78,37,64,56,0
Aglais io,41,12,37,49,22,39,0
Aglais io,42,11,17,55,47,41,0
Aglais io,43,11,27,19,45,24,0
Aglais io,44,6,14,7,16,14,0
Aglais io,45,1,7,3,10,75,0
Aglais io,46,5,4,7,6,26,0
Aglais io,47,2,4,7,4,12,0
Aglais io,48,2,0,3,11,12,0
Aglais io,49,4,0,12,12,2,0
Aglais io,50,2,0,4,2,8,0
Aglais io,51,3,0,6,1,13,0
Aglais io,52,6,5,12,12,2,0
Aglais io,53,2,1,0,10,5,0
Ochlodes sylvanus,6,0,0,0,0,0,1
Ochlodes sylvanus,11,0,0,1,0,0,0
Ochlodes sylvanus,13,0,1,12,0,0,0
Ochlodes sylvanus,14,6,0,11,2,0,0
Ochlodes sylvanus,15,0,1,10,0,0,0
Ochlodes sylvanus,16,0,0,10,2,0,0
Ochlodes sylvanus,17,1,1,15,0,0,0
Ochlodes sylvanus,18,0,0,12,1,4,0
Ochlodes sylvanus,19,3,1,13,1,2,0
Ochlodes sylvanus,20,9,2,22,12,10,0
Ochlodes sylvanus,21,13,62,26,48,186,0
Ochlodes sylvanus,22,45,300,240,244,1013,0
Ochlodes sylvanus,23,307,560,1000,512,971,0
Ochlodes sylvanus,24,476,1402,1679,528,1852,0
Ochlodes sylvanus,25,920,2399,2487,1628,1817,0
Ochlodes sylvanus,26,1522,1850,3014,2754,2777,0
Ochlodes sylvanus,27,1806,2128,2423,3259,1393,0
Ochlodes sylvanus,28,1070,1392,1598,2478,1717,0
Ochlodes sylvanus,29,1903,1027,819,1908,1117,0
Ochlodes sylvanus,30,1041,397,408,1240,656,0
Ochlodes sylvanus,31,440,190,113,719,467,0
Ochlodes sylvanus,32,320,93,61,262,199,0
Ochlodes sylvanus,33,159,34,28,105,46,0
Ochlodes sylvanus,34,23,15,28,32,23,0
Ochlodes sylvanus,35,9,8,18,14,5,0
Ochlodes sylvanus,36,0,1,10,4,3,0
Ochlodes sylvanus,37,2,0,13,3,4,0
Ochlodes sylvanus,38,2,3,12,1,3,0
Ochlodes sylvanus,39,1,1,13,0,1,0
Coenonympha pamphilus,6,0,0,1,0,0,0
Coenonympha pamphilus,13,1,0,12,1,0,0
Coenonympha pamphilus,14,1,2,10,0,0,0
Coenonympha pamphilus,15,13,2,10,0,2,0
Coenonympha pamphilus,16,31,22,14,19,3,0
Coenonympha pamphilus,17,14,34,11,62,62,0
Coenonympha pamphilus,18,8,113,23,188,76,0
Coenonympha pamphilus,19,75,384,82,413,398,0
Coenonympha pamphilus,20,314,553,414,902,851,0
Coenonympha pamphilus,21,500,1150,992,1507,1780,0
Coenonympha pamphilus,22,714,1193,1383,1502,2306,0
Coenonympha pamphilus,23,1228,970,1956,1513,1218,0
Coenonympha pamphilus,24,696,1233,2042,1043,1886,0
Coenonympha pamphilus,25,898,1754,2066,2197,1331,0
Coenonympha pamphilus,26,902,969,2204,2738,1915,0
Coenonympha pamphilus,27,918,1123,1822,2609,640,0
Coenonympha pamphilus,28,531,888,1227,1864,879,0
Coenonympha pamphilus,29,1116,799,916,1585,820,0
Coenonympha pamphilus,30,593,587,1012,1275,668,0
Coenonympha pamphilus,31,451,615,1147,1072,997,0
Coenonympha pamphilus,32,478,794,1438,918,1367,0
Coenonympha pamphilus,33,629,1002,1126,998,1283,0
Coenonympha pamphilus,34,658,1100,1553,1434,1404,0
Coenonympha pamphilus,35,812,1326,1588,1677,844,0
Coenonympha pamphilus,36,431,717,1394,1171,966,0
Coenonympha pamphilus,37,470,439,985,915,846,0
Coenonympha pamphilus,38,160,282,419,748,558,0
Coenonympha pamphilus,39,90,175,427,164,110,0
Coenonympha pamphilus,40,11,17,39,22,21,0
Coenonympha pamphilus,41,1,7,17,4,2,0
Coenonympha pamphilus,42,0,1,6,0,0,0
Coenonympha pamphilus,43,0,2,2,0,0,0
Coenonympha pamphilus,45,0,0,0,0,1,0
Coenonympha pamphilus,51,0,0,0,0,1,0
Coenonympha pamphilus,53,0,0,0,0,1,0
Polygonia c-album,1,0,0,0,0,1,0
Polygonia c-album,2,0,1,2,1,0,0
Polygonia c-album,3,0,0,1,0,3,1
Polygonia c-album,5,0,2,0,0,1,0
Polygonia c-album,6,0,0,1,0,2,0
Polygonia c-album,7,0,0,0,10,0,0
Polygonia c-album,8,0,10,0,141,0,14
Polygonia c-album,9,0,4,0,312,2,63
Polygonia c-album,10,0,103,1,8,15,21
Polygonia c-album,11,0,316,27,7,139,2
Polygonia c-album,12,36,72,13,254,420,0
Polygonia c-album,13,91,610,112,659,777,0
Polygonia c-album,14,406,952,574,467,552,0
Polygonia c-album,15,362,619,604,395,798,0
Polygonia c-album,16,405,243,1016,682,449,0
Polygonia c-album,17,79,195,277,278,403,0
Polygonia c-album,18,207,201,339,184,67,0
Polygonia c-album,19,179,229,262,114,197,0
Polygonia c-album,20,88,106,285,190,101,0
Polygonia c-album,21,42,139,160,133,110,0
Polygonia c-album,22,42,76,80,78,123,0
Polygonia c-album,23,43,66,91,81,78,0
Polygonia c-album,24,22,323,129,30,429,0
Polygonia c-album,25,11,925,495,127,955,0
Polygonia c-album,26,98,1425,1187,666,1486,0
Polygonia c-album,27,358,2538,1880,1363,1539,0
Polygonia c-album,28,542,1913,1840,1412,2300,0
Polygonia c-album,29,1204,1858,1501,1558,1820,0
Polygonia c-album,30,816,1145,1154,1374,1201,0
Polygonia c-album,31,584,934,837,1421,1162,0
Polygonia c-album,32,623,714,489,668,577,0
Polygonia c-album,33,358,538,312,462,258,0
Polygonia c-album,34,153,435,393,667,320,0
Polygonia c-album,35,220,619,527,639,236,0
Polygonia c-album,36,197,437,447,709,387,0
Polygonia c-album,37,601,649,418,1020,460,0
Polygonia c-album,38,470,772,253,1025,402,0
Polygonia c-album,39,499,695,609,359,184,0
Polygonia c-album,40,155,157,69,147,67,0
Polygonia c-album,41,25,89,68,74,72,0
Polygonia c-album,42,9,59,45,63,39,0
Polygonia c-album,43,6,43,28,32,19,0
Polygonia c-album,44,4,24,2,16,3,0
Polygonia c-album,45,0,7,2,5,13,0
Polygonia c-album,46,1,5,3,0,3,0
Polygonia c-album,47,0,2,1,1,2,0
Polygonia c-album,48,1,0,0,2,1,0
Polygonia c-album,49,0,1,0,0,0,0
Polygonia c-album,50,1,0,1,0,1,0
Polygonia c-album,51,0,0,2,0,0,0
Polygonia c-album,52,0,1,0,1,0,0
Polygonia c-album,53,0,0,0,1,0,0
Aglais urticae,1,0,3,3,4,7,2
Aglais urticae,2,0,3,3,4,8,3
Aglais urticae,3,0,3,0,5,9,3
Aglais urticae,4,0,4,2,2,8,4
Aglais urticae,5,0,2,2,3,3,4
Aglais urticae,6,0,5,3,12,15,6
Aglais urticae,7,0,8,8,35,2,5
Aglais urticae,8,0,26,5,231,5,28
Aglais urticae,9,0,6,1,377,7,277
Aglais urticae,10,0,84,3,21,37,62
Aglais urticae,11,0,277,49,10,115,9
Aglais urticae,12,97,99,45,269,360,0
Aglais urticae,13,156,655,171,723,985,0
Aglais urticae,14,532,1101,486,467,713,0
Aglais urticae,15,602,1051,559,550,1567,0
Aglais urticae,16,831,465,1433,1461,971,0
Aglais urticae,17,234,421,331,670,978,0
Aglais urticae,18,417,450,600,426,204,0
Aglais urticae,19,698,455,566,347,477,0
Aglais urticae,20,371,219,415,502,207,0
Aglais urticae,21,195,282,228,322,400,0
Aglais urticae,22,167,278,140,105,1781,0
Aglais urticae,23,185,481,113,237,1291,0
Aglais urticae,24,111,1228,182,229,2671,0
Aglais urticae,25,308,1350,646,860,2176,0
Aglais urticae,26,573,1128,1412,1203,2378,0
Aglais urticae,27,930,1545,1907,1407,1336,0
Aglais urticae,28,611,871,1157,1265,1845,0
Aglais urticae,29,1412,740,575,1533,1297,0
Aglais urticae,30,676,444,392,1515,986,0
Aglais urticae,31,396,480,279,1062,1144,0
Aglais urticae,32,500,639,372,550,1196,0
Aglais urticae,33,640,691,247,772,935,0
Aglais urticae,34,701,713,323,1436,1095,0
Aglais urticae,35,955,890,410,942,717,0
Aglais urticae,36,521,419,262,751,552,0
Aglais urticae,37,518,284,117,650,657,0
Aglais urticae,38,290,304,69,522,577,0
Aglais urticae,39,122,189,233,115,162,0
Aglais urticae,40,45,36,30,79,97,0
Aglais urticae,41,18,19,55,24,39,0
Aglais urticae,42,11,27,41,36,30,0
Aglais urticae,43,9,42,24,22,21,0
Aglais urticae,44,7,17,9,9,9,0
Aglais urticae,45,3,7,3,2,28,0
Aglais urticae,46,4,3,11,2,8,0
Aglais urticae,47,2,1,1,3,10,0
Aglais urticae,48,2,1,5,5,3,0
Aglais urticae,49,3,3,12,3,3,0
Aglais urticae,50,4,2,4,0,1,0
Aglais urticae,51,0,1,7,0,4,0
Aglais urticae,52,5,2,3,6,1,0
Aglais urticae,53,1,0,0,3,6,0
Argynnis paphia,6,0,0,0,0,0,1
Argynnis paphia,10,0,1,0,0,0,0
Argynnis paphia,13,0,1,0,1,0,0
Argynnis paphia,14,0,0,1,0,0,0
Argynnis paphia,15,0,2,0,0,0,0
Argynnis paphia,16,2,0,0,2,0,0
Argynnis paphia,17,1,0,0,1,0,0
Argynnis paphia,18,1,0,0,4,0,0
Argynnis paphia,19,0,0,0,4,1,0
Argynnis paphia,20,0,5,0,0,2,0
Argynnis paphia,21,0,1,2,0,1,0
Argynnis paphia,22,3,0,2,4,8,0
Argynnis paphia,23,0,4,10,3,17,0
Argynnis paphia,24,4,72,14,5,103,0
Argynnis paphia,25,5,523,190,35,329,0
Argynnis paphia,26,56,734,1050,484,1125,0
Argynnis paphia,27,244,1509,1559,1098,740,0
Argynnis paphia,28,266,1276,1624,1155,1326,0
Argynnis paphia,29,1014,1469,1406,1382,1205,0
Argynnis paphia,30,728,1019,1264,1358,852,0
Argynnis paphia,31,584,845,874,1313,1012,0
Argynnis paphia,32,752,680,511,790,570,0
Argynnis paphia,33,631,464,142,611,241,0
Argynnis paphia,34,284,166,71,431,121,0
Argynnis paphia,35,150,130,24,157,43,0
Argynnis paphia,36,31,21,16,36,7,0
Argynnis paphia,37,19,4,2,17,4,0
Argynnis paphia,38,3,2,1,17,3,0
Argynnis paphia,39,2,1,1,4,0,0
Polyommatus icarus,6,0,1,0,0,0,0
Polyommatus icarus,12,0,1,0,0,0,0
Polyommatus icarus,13,0,1,12,3,0,0
Polyommatus icarus,14,12,10,11,2,5,0
Polyommatus icarus,15,7,27,10,13,49,0
Polyommatus icarus,16,6,24,34,82,51,0
Polyommatus icarus,17,2,19,22,55,114,0
Polyommatus icarus,18,13,65,57,75,56,0
Polyommatus icarus,19,72,279,103,273,360,0
Polyommatus icarus,20,241,607,389,923,921,0
Polyommatus icarus,21,528,1785,1529,2050,2055,0
Polyommatus icarus,22,976,1934,2336,2402,1927,0
Polyommatus icarus,23,1411,1240,2797,2057,682,0
Polyommatus icarus,24,746,1318,2307,1009,739,0
Polyommatus icarus,25,793,1112,1697,1774,445,0
Polyommatus icarus,26,730,383,1447,1846,611,0
Polyommatus icarus,27,594,444,933,1124,291,0
Polyommatus icarus,28,294,1028,1435,676,989,0
Polyommatus icarus,29,614,2180,2912,840,1610,0
Polyommatus icarus,30,489,2170,4406,1578,2003,0
Polyommatus icarus,31,712,2391,4558,2428,2983,0
Polyommatus icarus,32,1221,2464,4085,2418,2511,0
Polyommatus icarus,33,1940,2606,2747,2523,1725,0
Polyommatus icarus,34,1587,1868,2598,2918,1494,0
Polyommatus icarus,35,1558,1587,1847,2135,696,0
Polyommatus icarus,36,614,585,1295,1116,605,0
Polyommatus icarus,37,591,224,832,668,659,0
Polyommatus icarus,38,160,135,440,429,775,0
Polyommatus icarus,39,99,103,574,73,295,0
Polyommatus icarus,40,10,22,66,16,97,0
Polyommatus icarus,41,5,7,55,1,20,0
Polyommatus icarus,42,1,10,18,2,4,0
Polyommatus icarus,43,3,6,15,0,1,0
Polyommatus icarus,44,1,1,1,0,0,0
Polyommatus icarus,49,0,2,5,0,0,0
Polyommatus icarus,50,0,0,1,0,0,0
Vanessa cardui,5,0,0,0,2,0,0
Vanessa cardui,6,0,0,0,0,0,1
Vanessa cardui,8,0,0,0,23,0,3
Vanessa cardui,9,0,0,0,19,0,6
Vanessa cardui,10,0,1,0,1,1,1
Vanessa cardui,11,0,10,0,4,1,0
Vanessa cardui,12,0,4,1,8,1,0
Vanessa cardui,13,0,11,12,10,10,0
Vanessa cardui,14,12,16,13,5,6,0
Vanessa cardui,15,20,24,12,5,22,0
Vanessa cardui,16,43,13,37,17,17,0
Vanessa cardui,17,15,12,31,13,36,0
Vanessa cardui,18,10,13,29,22,12,0
Vanessa cardui,19,42,20,34,22,46,0
Vanessa cardui,20,47,81,23,17,33,0
Vanessa cardui,21,34,241,34,25,52,0
Vanessa cardui,22,38,503,154,70,131,0
Vanessa cardui,23,733,326,286,252,58,0
Vanessa cardui,24,251,194,324,655,142,0
Vanessa cardui,25,219,199,150,1495,136,0
Vanessa cardui,26,193,77,207,4887,144,0
Vanessa cardui,27,144,122,232,3393,81,0
Vanessa cardui,28,56,169,187,1554,108,0
Vanessa cardui,29,119,268,292,795,89,0
Vanessa cardui,30,95,323,415,799,88,0
Vanessa cardui,31,230,375,496,4636,91,0
Vanessa cardui,32,531,365,389,3580,107,0
Vanessa cardui,33,498,325,228,3885,167,0
Vanessa cardui,34,407,204,277,4254,244,0
Vanessa cardui,35,444,185,368,2704,144,0
Vanessa cardui,36,248,119,211,1426,116,0
Vanessa cardui,37,255,91,138,874,99,0
Vanessa cardui,38,209,79,57,500,70,0
Vanessa cardui,39,95,46,113,210,14,0
Vanessa cardui,40,49,33,18,128,13,0
Vanessa cardui,41,31,7,23,46,6,0
Vanessa cardui,42,13,10,20,43,6,0
Vanessa cardui,43,7,9,15,28,1,0
Vanessa cardui,44,2,17,3,7,1,0
Vanessa cardui,45,1,2,2,5,2,0
Vanessa cardui,46,0,2,3,2,2,0
Vanessa cardui,47,0,1,1,0,0,0
Vanessa cardui,48,0,0,1,0,1,0
Vanessa cardui,49,0,0,8,1,0,0
Vanessa cardui,50,0,0,1,0,0,0
Vanessa cardui,52,0,0,4,0,0,0
Vanessa cardui,53,0,0,0,1,0,0
Speyeria aglaja,14,0,0,10,1,0,0
Speyeria aglaja,15,0,1,10,0,0,0
Speyeria aglaja,16,0,0,10,0,0,0
Speyeria aglaja,17,0,0,10,0,0,0
Speyeria aglaja,18,0,0,10,0,1,0
Speyeria aglaja,19,0,0,12,0,0,0
Speyeria aglaja,20,0,0,12,0,2,0
Speyeria aglaja,21,0,0,21,0,4,0
Speyeria aglaja,22,0,4,16,7,92,0
Speyeria aglaja,23,6,5,34,14,134,0
Speyeria aglaja,24,41,78,97,26,380,0
Speyeria aglaja,25,116,355,371,211,393,0
Speyeria aglaja,26,150,284,720,631,840,0
Speyeria aglaja,27,351,520,735,800,375,0
Speyeria aglaja,28,210,505,574,882,508,0
Speyeria aglaja,29,586,388,437,767,449,0
Speyeria aglaja,30,286,265,325,629,352,0
Speyeria aglaja,31,214,126,145,455,292,0
Speyeria aglaja,32,201,93,72,205,170,0
Speyeria aglaja,33,85,51,25,95,69,0
Speyeria aglaja,34,35,29,21,27,31,0
Speyeria aglaja,35,24,15,12,14,3,0
Speyeria aglaja,36,1,2,13,0,3,0
Speyeria aglaja,37,4,0,11,1,1,0
Speyeria aglaja,38,2,0,11,1,3,0
Speyeria aglaja,39,0,4,11,0,1,0
Gonepteryx rhamni,1,0,0,0,1,0,0
Gonepteryx rhamni,2,0,0,1,2,1,0
Gonepteryx rhamni,3,0,1,2,1,3,0
Gonepteryx rhamni,4,0,3,2,1,0,3
Gonepteryx rhamni,5,0,0,3,2,2,5
Gonepteryx rhamni,6,0,1,0,3,3,1
Gonepteryx rhamni,7,0,5,8,126,3,1
Gonepteryx rhamni,8,0,97,3,658,3,187
Gonepteryx rhamni,9,0,12,0,500,4,295
Gonepteryx rhamni,10,0,252,1,7,16,70
Gonepteryx rhamni,11,0,449,146,14,204,10
Gonepteryx rhamni,12,86,56,42,656,461,0
Gonepteryx rhamni,13,235,944,325,1072,712,0
Gonepteryx rhamni,14,980,1713,1231,1019,1018,0
Gonepteryx rhamni,15,1439,2229,1525,1133,2133,0
Gonepteryx rhamni,16,1401,529,3201,4537,967,0
Gonepteryx rhamni,17,153,870,1000,2386,1550,0
Gonepteryx rhamni,18,1494,1210,2060,1806,412,0
Gonepteryx rhamni,19,2253,2040,2282,1702,1262,0
Gonepteryx rhamni,20,1551,1158,2200,2804,1045,0
Gonepteryx rhamni,21,998,1778,1658,2530,1575,0
Gonepteryx rhamni,22,1030,998,983,1442,1041,0
Gonepteryx rhamni,23,998,461,796,648,182,0
Gonepteryx rhamni,24,325,729,435,208,349,0
Gonepteryx rhamni,25,145,459,283,567,197,0
Gonepteryx rhamni,26,167,240,404,471,350,0
Gonepteryx rhamni,27,112,585,1060,353,212,0
Gonepteryx rhamni,28,78,650,1382,371,1113,0
Gonepteryx rhamni,29,423,1345,1164,754,1142,0
Gonepteryx rhamni,30,638,820,950,1472,869,0
Gonepteryx rhamni,31,608,659,508,1345,1357,0
Gonepteryx rhamni,32,1081,834,236,659,935,0
Gonepteryx rhamni,33,1130,984,84,495,280,0
Gonepteryx rhamni,34,615,506,113,924,146,0
Gonepteryx rhamni,35,350,690,114,371,81,0
Gonepteryx rhamni,36,145,125,118,119,92,0
Gonepteryx rhamni,37,207,61,74,231,345,0
Gonepteryx rhamni,38,70,130,134,155,138,0
Gonepteryx rhamni,39,66,211,398,24,44,0
Gonepteryx rhamni,40,17,11,40,10,18,0
Gonepteryx rhamni,41,8,6,62,1,5,0
Gonepteryx rhamni,42,14,14,13,8,11,0
Gonepteryx rhamni,43,4,13,9,13,10,0
Gonepteryx rhamni,44,34,4,2,3,7,0
Gonepteryx rhamni,45,0,0,5,3,28,0
Gonepteryx rhamni,46,0,3,5,1,12,0
Gonepteryx rhamni,47,0,2,1,0,5,0
Gonepteryx rhamni,48,1,1,3,1,3,0
Gonepteryx rhamni,49,1,1,2,3,1,0
Gonepteryx rhamni,50,1,0,0,0,0,0
Gonepteryx rhamni,51,0,0,1,0,0,0
Thymelicus lineola,14,6,0,0,0,0,0
Thymelicus lineola,20,0,1,0,0,0,0
Thymelicus lineola,22,1,1,2,2,4,0
Thymelicus lineola,23,2,6,12,1,6,0
Thymelicus lineola,24,4,27,25,8,40,0
Thymelicus lineola,25,14,97,54,23,106,0
Thymelicus lineola,26,35,241,180,111,217,0
Thymelicus lineola,27,106,545,460,338,291,0
Thymelicus lineola,28,161,539,521,558,613,0
Thymelicus lineola,29,466,416,362,665,405,0
Thymelicus lineola,30,510,189,146,489,325,0
Thymelicus lineola,31,268,90,38,308,175,0
Thymelicus lineola,32,194,32,13,143,64,0
Thymelicus lineola,33,67,15,13,60,21,0
Thymelicus lineola,34,14,3,3,16,15,0
Thymelicus lineola,35,4,3,1,15,2,0
Thymelicus lineola,36,0,0,0,4,0,0
Thymelicus lineola,38,2,0,0,0,0,0
Thymelicus lineola,40,1,0,0,0,0,0
Lycaena phlaeas,6,0,2,0,0,0,0
Lycaena phlaeas,10,0,1,0,1,0,0
Lycaena phlaeas,12,0,0,0,3,2,0
Lycaena phlaeas,13,0,2,12,3,4,0
Lycaena phlaeas,14,12,7,13,7,2,0
Lycaena phlaeas,15,20,18,14,14,11,0
Lycaena phlaeas,16,35,81,33,175,25,0
Lycaena phlaeas,17,19,111,21,204,126,0
Lycaena phlaeas,18,44,191,42,297,79,0
Lycaena phlaeas,19,135,376,125,517,255,0
Lycaena phlaeas,20,196,317,311,966,308,0
Lycaena phlaeas,21,193,556,442,1068,380,0
Lycaena phlaeas,22,203,341,375,653,370,0
Lycaena phlaeas,23,182,160,337,440,88,0
Lycaena phlaeas,24,64,121,199,171,84,0
Lycaena phlaeas,25,67,112,111,245,123,0
Lycaena phlaeas,26,66,66,144,239,247,0
Lycaena phlaeas,27,60,257,178,264,271,0
Lycaena phlaeas,28,71,527,526,268,677,0
Lycaena phlaeas,29,210,751,845,449,730,0
Lycaena phlaeas,30,227,629,1075,728,592,0
Lycaena phlaeas,31,245,640,967,1022,801,0
Lycaena phlaeas,32,349,658,879,752,648,0
Lycaena phlaeas,33,427,603,508,799,480,0
Lycaena phlaeas,34,302,404,628,846,570,0
Lycaena phlaeas,35,361,497,919,629,462,0
Lycaena phlaeas,36,297,366,1079,466,581,0
Lycaena phlaeas,37,559,327,1159,514,960,0
Lycaena phlaeas,38,439,324,701,659,1117,0
Lycaena phlaeas,39,356,358,1370,248,497,0
Lycaena phlaeas,40,125,103,199,91,179,0
Lycaena phlaeas,41,64,44,169,24,62,0
Lycaena phlaeas,42,18,48,108,21,34,0
Lycaena phlaeas,43,12,25,76,18,13,0
Lycaena phlaeas,44,9,9,18,3,2,0
Lycaena phlaeas,45,2,4,0,2,3,0
Lycaena phlaeas,46,1,1,2,0,0,0
Lycaena phlaeas,48,1,1,0,0,0,0
Lycaena phlaeas,49,0,0,3,0,0,0
Lycaena phlaeas,50,0,0,1,0,0,0
Lycaena phlaeas,53,0,0,0,0,1,0
Favonius quercus,1,0,0,1,0,0,0
Favonius quercus,4,0,0,0,0,0,3
Favonius quercus,5,0,0,2,1,0,1
Favonius quercus,6,0,0,0,0,0,1
Favonius quercus,7,0,0,2,2,0,0
Favonius quercus,9,0,0,0,1,0,0
Favonius quercus,10,0,2,0,0,3,0
Favonius quercus,11,0,0,0,0,1,0
Favonius quercus,14,6,0,0,0,0,0
Favonius quercus,16,0,0,1,0,0,0
Favonius quercus,19,1,2,0,0,0,0
Favonius quercus,20,0,2,1,4,1,0
Favonius quercus,21,0,0,1,1,2,0
Favonius quercus,22,1,3,0,2,2,0
Favonius quercus,23,0,1,7,0,8,0
Favonius quercus,24,0,2,17,0,20,0
Favonius quercus,25,0,47,88,4,60,0
Favonius quercus,26,6,148,311,61,189,0
Favonius quercus,27,33,244,507,215,259,0
Favonius quercus,28,54,249,548,326,417,0
Favonius quercus,29,150,240,457,294,363,0
Favonius quercus,30,105,106,466,330,281,0
Favonius quercus,31,123,58,225,196,336,0
Favonius quercus,32,124,67,126,78,179,0
Favonius quercus,33,114,64,35,55,91,0
Favonius quercus,34,44,24,16,43,41,0
Favonius quercus,35,38,13,10,19,9,0
Favonius quercus,36,6,3,3,4,14,0
Favonius quercus,37,0,0,3,3,5,0
Favonius quercus,38,2,1,2,1,1,0
Favonius quercus,39,0,0,0,1,0,0
Favonius quercus,40,0,0,1,0,0,0
Favonius quercus,41,0,1,0,0,0,0
Favonius quercus,42,0,0,0,1,0,0
Favonius quercus,43,0,0,0,1,0,0
Favonius quercus,44,0,2,0,0,1,0
Favonius quercus,46,1,0,0,0,0,0
Favonius quercus,47,0,1,0,0,10,0
Favonius quercus,48,0,2,0,0,0,0
Favonius quercus,49,0,1,0,0,0,0
Favonius quercus,50,0,2,0,0,2,0
Favonius quercus,51,1,1,1,0,1,0
Favonius quercus,52,0,0,4,0,2,0
Limenitis camilla,9,0,0,0,1,0,0
Limenitis camilla,19,1,0,1,0,0,0
Limenitis camilla,20,0,3,0,0,0,0
Limenitis camilla,21,0,1,0,0,1,0
Limenitis camilla,22,0,1,0,1,4,0
Limenitis camilla,23,0,4,4,4,16,0
Limenitis camilla,24,1,92,89,0,129,0
Limenitis camilla,25,6,348,445,43,306,0
Limenitis camilla,26,32,322,577,298,579,0
Limenitis camilla,27,108,448,416,441,241,0
Limenitis camilla,28,98,268,269,328,295,0
Limenitis camilla,29,210,239,149,281,137,0
Limenitis camilla,30,120,44,56,211,76,0
Limenitis camilla,31,66,8,12,99,39,0
Limenitis camilla,32,47,11,4,48,13,0
Limenitis camilla,33,12,7,1,9,2,0
Limenitis camilla,34,1,2,4,0,0,0
Limenitis camilla,35,1,0,0,2,0,0
Limenitis camilla,36,1,1,0,2,0,0
Limenitis camilla,37,1,1,3,1,3,0
Limenitis camilla,38,0,0,0,3,1,0
Limenitis camilla,39,5,0,0,1,0,0
Limenitis camilla,44,0,1,0,0,0,0
Limenitis camilla,50,0,0,1,0,0,0
Plebejus argus,6,0,0,0,0,1,0
Plebejus argus,14,6,0,0,0,0,0
Plebejus argus,16,0,0,0,1,0,0
Plebejus argus,19,0,0,0,0,13,0
Plebejus argus,20,0,0,0,0,10,0
Plebejus argus,21,4,4,0,1,24,0
Plebejus argus,22,13,41,22,23,130,0
Plebejus argus,23,31,95,74,58,187,0
Plebejus argus,24,90,186,226,101,382,0
Plebejus argus,25,153,329,326,318,294,0
Plebejus argus,26,216,223,454,360,377,0
Plebejus argus,27,252,304,346,702,194,0
Plebejus argus,28,191,186,264,725,263,0
Plebejus argus,29,250,107,160,272,167,0
Plebejus argus,30,166,59,96,188,123,0
Plebejus argus,31,57,32,38,107,60,0
Plebejus argus,32,39,21,15,53,47,0
Plebejus argus,33,23,17,9,27,23,0
Plebejus argus,34,11,3,3,6,9,0
Plebejus argus,35,9,3,2,5,5,0
Plebejus argus,36,2,1,1,3,1,0
Plebejus argus,37,2,1,0,1,0,0
Plebejus argus,38,0,1,0,0,1,0
Plebejus argus,39,0,0,1,0,0,0
Plebejus argus,40,1,0,0,0,0,0
Plebejus argus,41,0,0,0,0,1,0
Polyommatus coridon,14,6,0,0,0,0,0
Polyommatus coridon,15,0,1,0,0,1,0
Polyommatus coridon,16,0,0,0,1,0,0
Polyommatus coridon,17,0,0,0,0,8,0
Polyommatus coridon,18,0,1,0,0,1,0
Polyommatus coridon,19,0,0,1,2,3,0
Polyommatus coridon,20,0,0,0,0,1,0
Polyommatus coridon,21,0,3,3,1,1,0
Polyommatus coridon,22,0,0,3,7,1,0
Polyommatus coridon,23,1,1,4,2,3,0
Polyommatus coridon,24,4,2,1,0,3,0
Polyommatus coridon,25,5,1,2,3,2,0
Polyommatus coridon,26,2,3,11,4,6,0
Polyommatus coridon,27,3,60,78,11,19,0
Polyommatus coridon,28,21,257,277,112,135,0
Polyommatus coridon,29,168,430,490,267,362,0
Polyommatus coridon,30,309,357,588,537,532,0
Polyommatus coridon,31,323,401,570,640,736,0
Polyommatus coridon,32,339,363,468,481,684,0
Polyommatus coridon,33,370,433,269,427,465,0
Polyommatus coridon,34,240,298,254,437,361,0
Polyommatus coridon,35,179,242,156,302,184,0
Polyommatus coridon,36,50,69,82,139,148,0
Polyommatus coridon,37,26,22,38,74,65,0
Polyommatus coridon,38,4,9,11,40,18,0
Polyommatus coridon,39,4,4,5,12,1,0
Polyommatus coridon,40,1,0,2,1,2,0
Polyommatus coridon,43,0,0,1,0,0,0
Aricia agestis,14,6,0,1,0,0,0
Aricia agestis,15,0,1,0,0,0,0
Aricia agestis,16,0,0,1,3,1,0
Aricia agestis,17,0,1,0,13,10,0
Aricia agestis,18,0,16,1,35,18,0
Aricia agestis,19,6,93,11,190,122,0
Aricia agestis,20,72,161,148,497,224,0
Aricia agestis,21,134,307,376,691,370,0
Aricia agestis,22,198,248,364,443,289,0
Aricia agestis,23,237,130,422,313,55,0
Aricia agestis,24,95,137,293,99,62,0
Aricia agestis,25,75,95,145,183,34,0
Aricia agestis,26,51,30,97,141,35,0
Aricia agestis,27,52,55,71,78,55,0
Aricia agestis,28,9,168,324,122,236,0
Aricia agestis,29,64,437,785,258,399,0
Aricia agestis,30,100,452,1186,487,419,0
Aricia agestis,31,127,474,1355,805,679,0
Aricia agestis,32,287,570,1226,765,577,0
Aricia agestis,33,470,668,970,825,393,0
Aricia agestis,34,410,479,1002,919,452,0
Aricia agestis,35,430,407,761,638,215,0
Aricia agestis,36,146,119,475,333,147,0
Aricia agestis,37,196,51,228,234,198,0
Aricia agestis,38,61,21,94,142,176,0
Aricia agestis,39,30,20,85,21,55,0
Aricia agestis,40,4,2,12,4,14,0
Aricia agestis,41,0,1,5,0,5,0
Aricia agestis,42,1,2,9,0,1,0
Aricia agestis,43,0,1,4,0,1,0
Aricia agestis,46,0,0,0,0,1,0
Celastrina argiolus,3,0,0,0,1,0,0
Celastrina argiolus,6,0,1,0,0,0,0
Celastrina argiolus,7,0,1,0,0,0,0
Celastrina argiolus,8,0,0,0,0,0,1
Celastrina argiolus,9,0,2,0,3,0,0
Celastrina argiolus,10,0,2,0,0,0,0
Celastrina argiolus,11,0,1,0,0,1,0
Celastrina argiolus,12,0,1,0,14,4,0
Celastrina argiolus,13,1,93,1,128,51,0
Celastrina argiolus,14,14,549,3,106,154,0
Celastrina argiolus,15,16,907,14,151,1302,0
Celastrina argiolus,16,63,518,442,1415,1028,0
Celastrina argiolus,17,34,534,338,1058,1562,0
Celastrina argiolus,18,206,514,774,783,264,0
Celastrina argiolus,19,706,808,1089,737,915,0
Celastrina argiolus,20,797,430,1170,1286,527,0
Celastrina argiolus,21,485,614,782,1082,563,0
Celastrina argiolus,22,523,354,488,581,388,0
Celastrina argiolus,23,483,160,349,316,81,0
Celastrina argiolus,24,158,180,237,108,138,0
Celastrina argiolus,25,93,87,135,171,110,0
Celastrina argiolus,26,80,49,165,131,183,0
Celastrina argiolus,27,54,149,397,109,322,0
Celastrina argiolus,28,27,194,639,128,971,0
Celastrina argiolus,29,140,377,855,240,1057,0
Celastrina argiolus,30,159,355,1004,506,804,0
Celastrina argiolus,31,321,353,1038,709,1202,0
Celastrina argiolus,32,521,389,807,523,852,0
Celastrina argiolus,33,569,398,665,556,431,0
Celastrina argiolus,34,407,182,515,592,342,0
Celastrina argiolus,35,288,149,353,300,171,0
Celastrina argiolus,36,87,28,207,115,103,0
Celastrina argiolus,37,67,13,91,73,85,0
Celastrina argiolus,38,28,10,24,35,51,0
Celastrina argiolus,39,3,10,23,3,11,0
Celastrina argiolus,40,1,3,5,1,6,0
Celastrina argiolus,41,1,0,9,1,4,0
Celastrina argiolus,42,3,1,4,1,1,0
Celastrina argiolus,43,2,1,1,0,2,0
Celastrina argiolus,44,2,2,0,0,0,0
Celastrina argiolus,45,0,1,1,0,0,0
Celastrina argiolus,46,3,0,0,0,0,0
Celastrina argiolus,48,4,0,1,0,0,0
Celastrina argiolus,49,0,0,0,1,0,0
Hipparchia semele,17,0,0,0,0,2,0
Hipparchia semele,19,0,0,1,0,2,0
Hipparchia semele,20,0,1,0,0,0,0
Hipparchia semele,21,0,0,0,1,2,0
Hipparchia semele,22,0,3,0,0,4,0
Hipparchia semele,23,5,4,10,2,2,0
Hipparchia semele,24,2,1,10,6,10,0
Hipparchia semele,25,26,20,33,13,14,0
Hipparchia semele,26,6,30,93,26,35,0
Hipparchia semele,27,36,69,163,81,53,0
Hipparchia semele,28,29,154,245,154,101,0
Hipparchia semele,29,153,182,311,240,188,0
Hipparchia semele,30,156,155,265,289,175,0
Hipparchia semele,31,160,152,250,341,248,0
Hipparchia semele,32,232,173,214,259,236,0
Hipparchia semele,33,210,135,148,232,192,0
Hipparchia semele,34,147,112,155,213,158,0
Hipparchia semele,35,122,100,110,139,72,0
Hipparchia semele,36,36,33,72,64,59,0
Hipparchia semele,37,43,28,42,41,35,0
Hipparchia semele,38,8,10,16,19,23,0
Hipparchia semele,39,1,1,8,2,2,0
Hipparchia semele,40,0,0,1,1,2,0
Hipparchia semele,46,0,0,1,0,0,0
Aricia artaxerxes,14,6,0,0,0,0,0
Aricia artaxerxes,19,0,0,0,0,1,0
Aricia artaxerxes,20,0,2,0,0,0,0
Aricia artaxerxes,21,0,5,4,1,9,0
Aricia artaxerxes,22,8,19,9,3,43,0
Aricia artaxerxes,23,52,37,79,37,22,0
Aricia artaxerxes,24,32,46,70,45,39,0
Aricia artaxerxes,25,63,104,85,83,48,0
Aricia artaxerxes,26,67,47,113,134,70,0
Aricia artaxerxes,27,60,52,73,107,23,0
Aricia artaxerxes,28,39,60,45,94,22,0
Aricia artaxerxes,29,79,43,32,86,17,0
Aricia artaxerxes,30,30,16,32,45,21,0
Aricia artaxerxes,31,11,5,11,23,8,0
Aricia artaxerxes,32,5,9,9,10,8,0
Aricia artaxerxes,33,6,1,1,4,10,0
Aricia artaxerxes,34,0,0,1,1,4,0
Aricia artaxerxes,35,0,0,1,1,0,0
Lasiommata megera,13,0,0,12,1,0,0
Lasiommata megera,14,1,4,11,2,0,0
Lasiommata megera,15,1,5,10,8,3,0
Lasiommata megera,16,4,29,13,58,19,0
Lasiommata megera,17,3,52,14,63,65,0
Lasiommata megera,18,16,91,37,113,68,0
Lasiommata megera,19,41,161,74,242,183,0
Lasiommata megera,20,115,167,209,390,210,0
Lasiommata megera,21,140,213,304,389,264,0
Lasiommata megera,22,123,108,237,187,194,0
Lasiommata megera,23,101,49,184,135,26,0
Lasiommata megera,24,26,16,115,51,17,0
Lasiommata megera,25,10,17,35,41,13,0
Lasiommata megera,26,16,5,37,21,8,0
Lasiommata megera,27,7,18,52,22,14,0
Lasiommata megera,28,5,33,59,30,53,0
Lasiommata megera,29,15,97,124,72,150,0
Lasiommata megera,30,45,133,292,132,199,0
Lasiommata megera,31,82,204,447,363,395,0
Lasiommata megera,32,204,227,607,416,449,0
Lasiommata megera,33,227,254,360,342,364,0
Lasiommata megera,34,145,154,341,317,244,0
Lasiommata megera,35,144,128,204,196,52,0
Lasiommata megera,36,55,32,89,51,42,0
Lasiommata megera,37,35,18,71,53,100,0
Lasiommata megera,38,31,21,62,86,182,0
Lasiommata megera,39,20,28,171,41,96,0
Lasiommata megera,40,13,16,42,16,53,0
Lasiommata megera,41,9,4,36,4,45,0
Lasiommata megera,42,3,1,13,2,18,0
Lasiommata megera,43,4,2,11,1,4,0
Lasiommata megera,44,1,0,3,0,1,0
Lasiommata megera,45,0,1,0,0,0,0
Satyrium w-album,4,0,0,1,0,0,0
Satyrium w-album,6,0,0,0,2,0,0
Satyrium w-album,7,0,0,1,0,0,0
Satyrium w-album,9,0,0,0,0,0,3
Satyrium w-album,11,0,0,2,0,0,0
Satyrium w-album,12,0,0,0,2,0,0
Satyrium w-album,14,6,0,0,0,0,0
Satyrium w-album,16,0,1,0,0,0,0
Satyrium w-album,18,0,0,0,1,3,0
Satyrium w-album,19,0,0,0,1,2,0
Satyrium w-album,21,1,0,0,2,0,0
Satyrium w-album,22,0,0,0,1,1,0
Satyrium w-album,23,0,1,12,3,6,0
Satyrium w-album,24,1,37,38,5,17,0
Satyrium w-album,25,1,85,86,37,68,0
Satyrium w-album,26,6,65,253,65,99,0
Satyrium w-album,27,23,113,169,118,66,0
Satyrium w-album,28,23,63,126,97,95,0
Satyrium w-album,29,80,69,93,71,84,0
Satyrium w-album,30,32,34,66,66,47,0
Satyrium w-album,31,27,5,23,53,44,0
Satyrium w-album,32,15,6,18,12,15,0
Satyrium w-album,33,16,2,1,3,5,0
Satyrium w-album,34,7,1,0,4,1,0
Satyrium w-album,35,1,0,1,2,0,0
Satyrium w-album,36,0,0,0,2,0,0
Satyrium w-album,37,0,0,0,0,2,0
Satyrium w-album,38,2,0,0,0,0,0
Satyrium w-album,44,1,0,0,0,0,0
Satyrium w-album,47,0,1,0,0,0,0
Satyrium w-album,48,0,1,0,0,0,0
Satyrium w-album,51,1,1,0,0,0,0
Satyrium w-album,52,0,0,0,0,2,0
Satyrium w-album,53,0,0,0,0,1,0
Apatura iris,15,1,0,0,0,0,0
Apatura iris,22,0,0,2,0,0,0
Apatura iris,23,0,0,4,0,2,0
Apatura iris,24,0,2,2,1,3,0
Apatura iris,25,0,27,22,1,25,0
Apatura iris,26,0,31,119,10,89,0
Apatura iris,27,10,36,84,50,47,0
Apatura iris,28,26,28,61,99,52,0
Apatura iris,29,51,27,27,54,24,0
Apatura iris,30,19,6,9,24,27,0
Apatura iris,31,8,1,5,17,5,0
Apatura iris,32,7,0,0,2,2,0
Apatura iris,33,4,1,2,0,0,0
Apatura iris,34,0,0,0,1,0,0
Apatura iris,35,0,0,0,1,0,0
Apatura iris,36,0,2,0,0,0,0
Apatura iris,50,0,0,1,0,0,0
Boloria selene,5,0,0,1,0,0,0
Boloria selene,12,0,1,0,0,0,0
Boloria selene,15,0,0,0,0,2,0
Boloria selene,16,0,2,0,2,1,0
Boloria selene,17,0,0,0,0,1,0
Boloria selene,18,0,4,0,6,4,0
Boloria selene,19,3,12,6,18,14,0
Boloria selene,20,8,23,18,34,41,0
Boloria selene,21,35,118,58,80,147,0
Boloria selene,22,95,176,185,130,301,0
Boloria selene,23,210,147,377,224,141,0
Boloria selene,24,185,189,301,158,103,0
Boloria selene,25,210,259,257,276,93,0
Boloria selene,26,148,113,216,312,110,0
Boloria selene,27,73,88,96,159,34,0
Boloria selene,28,42,66,29,101,26,0
Boloria selene,29,51,33,17,52,13,0
Boloria selene,30,8,16,24,48,19,0
Boloria selene,31,6,7,24,33,14,0
Boloria selene,32,17,11,41,21,25,0
Boloria selene,33,9,16,15,17,17,0
Boloria selene,34,6,7,13,7,3,0
Boloria selene,35,7,8,4,8,3,0
Boloria selene,36,0,0,0,2,0,0
Boloria selene,37,0,1,0,0,0,0
Boloria selene,38,0,0,0,1,0,0
Boloria selene,44,0,0,0,2,0,0
Boloria selene,53,0,0,0,0,1,0
Cupido minimus,13,0,2,0,1,0,0
Cupido minimus,14,6,1,0,0,2,0
Cupido minimus,15,0,2,0,0,7,0
Cupido minimus,16,0,1,1,10,8,0
Cupido minimus,17,0,1,4,5,19,0
Cupido minimus,18,2,10,3,9,10,0
Cupido minimus,19,11,45,20,45,76,0
Cupido minimus,20,72,83,87,146,135,0
Cupido minimus,21,121,213,231,337,349,0
Cupido minimus,22,233,236,244,329,359,0
Cupido minimus,23,204,169,251,244,134,0
Cupido minimus,24,157,185,227,122,149,0
Cupido minimus,25,130,135,118,186,44,0
Cupido minimus,26,74,29,74,134,89,0
Cupido minimus,27,49,20,39,64,35,0
Cupido minimus,28,17,40,65,44,78,0
Cupido minimus,29,41,67,73,39,124,0
Cupido minimus,30,42,79,85,76,139,0
Cupido minimus,31,31,61,64,80,148,0
Cupido minimus,32,25,47,55,44,80,0
Cupido minimus,33,32,22,33,38,51,0
Cupido minimus,34,14,20,13,33,16,0
Cupido minimus,35,12,7,10,20,15,0
Cupido minimus,36,6,3,6,9,5,0
Cupido minimus,37,5,2,4,3,6,0
Cupido minimus,38,0,0,4,2,9,0
Cupido minimus,39,0,0,1,0,1,0
Cupido minimus,46,0,0,0,0,1,0
Thymelicus acteon,14,6,0,0,0,0,0
Thymelicus acteon,19,0,1,0,0,1,0
Thymelicus acteon,20,0,0,0,0,2,0
Thymelicus acteon,21,0,2,0,2,4,0
Thymelicus acteon,22,2,5,4,10,9,0
Thymelicus acteon,23,3,2,8,11,11,0
Thymelicus acteon,24,2,4,5,4,16,0
Thymelicus acteon,25,1,16,19,13,16,0
Thymelicus acteon,26,5,19,13,28,39,0
Thymelicus acteon,27,9,14,14,27,24,0
Thymelicus acteon,28,12,31,37,28,55,0
Thymelicus acteon,29,30,21,31,36,39,0
Thymelicus acteon,30,48,21,36,27,29,0
Thymelicus acteon,31,19,8,10,25,35,0
Thymelicus acteon,32,14,8,0,10,19,0
Thymelicus acteon,33,20,3,0,7,8,0
Thymelicus acteon,34,4,2,1,2,4,0
Thymelicus acteon,35,2,4,0,1,0,0
Thymelicus acteon,36,0,3,0,2,0,0
Thymelicus acteon,38,0,0,0,0,1,0
Leptidea sinapis,11,0,0,0,0,1,0
Leptidea sinapis,14,6,1,0,0,1,0
Leptidea sinapis,15,0,1,0,1,3,0
Leptidea sinapis,16,0,2,0,8,11,0
Leptidea sinapis,17,0,4,0,4,16,0
Leptidea sinapis,18,2,24,1,14,15,0
Leptidea sinapis,19,6,47,16,51,56,0
Leptidea sinapis,20,33,45,83,94,144,0
Leptidea sinapis,21,49,110,92,256,360,0
Leptidea sinapis,22,73,92,74,151,139,0
Leptidea sinapis,23,67,48,88,113,63,0
Leptidea sinapis,24,22,49,49,45,109,0
Leptidea sinapis,25,38,57,43,137,56,0
Leptidea sinapis,26,16,26,33,85,74,0
Leptidea sinapis,27,25,33,33,50,13,0
Leptidea sinapis,28,10,26,43,32,43,0
Leptidea sinapis,29,19,78,103,35,50,0
Leptidea sinapis,30,24,56,97,73,108,0
Leptidea sinapis,31,14,58,98,104,124,0
Leptidea sinapis,32,26,41,47,35,61,0
Leptidea sinapis,33,21,27,14,28,37,0
Leptidea sinapis,34,0,14,1,10,9,0
Leptidea sinapis,35,1,4,1,7,1,0
Leptidea sinapis,36,5,2,10,1,1,0
Leptidea sinapis,37,1,0,2,2,1,0
Leptidea sinapis,39,1,0,0,1,0,0
Coenonympha tullia,20,0,0,0,0,1,0
Coenonympha tullia,21,0,0,0,1,0,0
Coenonympha tullia,22,0,9,3,0,6,0
Coenonympha tullia,23,17,12,46,10,4,0
Coenonympha tullia,24,9,15,34,14,22,0
Coenonympha tullia,25,16,32,43,76,20,0
Coenonympha tullia,26,13,20,61,39,30,0
Coenonympha tullia,27,17,18,26,48,9,0
Coenonympha tullia,28,14,21,5,15,7,0
Coenonympha tullia,29,14,10,7,24,6,0
Coenonympha tullia,30,3,7,6,12,12,0
Coenonympha tullia,31,8,3,5,6,6,0
Coenonympha tullia,32,6,0,1,2,5,0
Coenonympha tullia,33,2,1,1,4,4,0
Coenonympha tullia,34,1,2,0,5,2,0
Coenonympha tullia,35,1,0,1,0,0,0
Coenonympha tullia,39,0,0,2,0,0,0
Colias croceus,7,0,0,0,1,0,0
Colias croceus,8,0,0,0,6,0,1
Colias croceus,9,0,0,0,0,0,1
Colias croceus,11,0,3,1,0,1,0
Colias croceus,12,2,0,0,1,1,0
Colias croceus,13,1,5,2,2,2,0
Colias croceus,14,6,4,1,3,2,0
Colias croceus,15,0,5,2,5,8,0
Colias croceus,16,3,4,8,9,5,0
Colias croceus,17,0,7,2,5,9,0
Colias croceus,18,1,0,2,4,6,0
Colias croceus,19,1,4,12,6,10,0
Colias croceus,20,0,1,6,8,2,0
Colias croceus,21,2,9,4,8,20,0
Colias croceus,22,3,14,10,3,19,0
Colias croceus,23,3,3,10,3,9,0
Colias croceus,24,1,8,1,0,3,0
Colias croceus,25,1,19,5,7,5,0
Colias croceus,26,5,3,10,17,9,0
Colias croceus,27,9,11,25,14,0,0
Colias croceus,28,6,26,27,21,14,0
Colias croceus,29,15,74,91,18,65,0
Colias croceus,30,13,50,115,17,111,0
Colias croceus,31,11,86,121,50,218,0
Colias croceus,32,31,131,99,45,194,0
Colias croceus,33,71,91,44,43,94,0
Colias croceus,34,157,57,29,132,74,0
Colias croceus,35,196,70,20,127,45,0
Colias croceus,36,80,33,39,68,50,0
Colias croceus,37,117,18,46,109,122,0
Colias croceus,38,66,33,30,104,253,0
Colias croceus,39,38,44,145,23,126,0
Colias croceus,40,16,30,36,25,68,0
Colias croceus,41,12,17,47,7,52,0
Colias croceus,42,5,9,28,5,28,0
Colias croceus,43,1,13,60,1,11,0
Colias croceus,44,8,19,18,1,2,0
Colias croceus,45,1,3,4,0,10,0
Colias croceus,46,2,2,3,1,1,0
Colias croceus,47,0,1,1,0,0,0
Colias croceus,48,0,0,1,1,0,0
Colias croceus,49,1,0,0,0,0,0
Papilio machaon,14,6,0,0,0,0,0
Papilio machaon,16,0,0,0,1,0,0
Papilio machaon,19,7,7,8,1,0,0
Papilio machaon,20,7,17,9,2,3,0
Papilio machaon,21,7,21,5,13,13,0
Papilio machaon,22,8,21,20,23,26,0
Papilio machaon,23,22,27,33,36,22,0
Papilio machaon,24,15,44,16,23,36,0
Papilio machaon,25,24,40,18,25,37,0
Papilio machaon,26,13,28,14,44,35,0
Papilio machaon,27,10,27,11,27,18,0
Papilio machaon,28,8,7,3,11,30,0
Papilio machaon,29,9,16,7,15,18,0
Papilio machaon,30,1,14,6,9,17,0
Papilio machaon,31,4,10,13,3,9,0
Papilio machaon,32,8,8,0,8,10,0
Papilio machaon,33,0,7,7,2,3,0
Papilio machaon,34,8,7,6,0,1,0
Papilio machaon,35,1,0,6,5,1,0
Papilio machaon,36,0,0,0,1,0,0
Papilio machaon,37,0,0,0,0,3,0
Papilio machaon,38,0,0,0,1,1,0
Papilio machaon,45,1,0,0,0,0,0
Anthocharis cardamines,2,0,0,1,0,0,0
Anthocharis cardamines,5,0,0,1,0,0,0
Anthocharis cardamines,6,0,0,0,0,1,0
Anthocharis cardamines,7,0,0,1,0,0,0
Anthocharis cardamines,9,0,1,0,0,1,0
Anthocharis cardamines,10,0,5,0,0,0,0
Anthocharis cardamines,11,0,0,0,2,2,0
Anthocharis cardamines,12,0,1,3,34,9,0
Anthocharis cardamines,13,2,94,16,348,44,0
Anthocharis cardamines,14,28,1268,19,605,328,0
Anthocharis cardamines,15,151,2457,86,1161,3304,0
Anthocharis cardamines,16,591,1843,1428,5672,3107,0
Anthocharis cardamines,17,225,1806,1241,4089,4157,0
Anthocharis cardamines,18,1216,2301,3006,3396,1262,0
Anthocharis cardamines,19,3037,2657,3889,2632,2834,0
Anthocharis cardamines,20,2653,1361,3231,3587,1142,0
Anthocharis cardamines,21,1596,1356,2140,2366,1413,0
Anthocharis cardamines,22,1399,524,1160,834,747,0
Anthocharis cardamines,23,1017,118,483,376,101,0
Anthocharis cardamines,24,179,53,179,129,55,0
Anthocharis cardamines,25,97,33,46,66,51,0
Anthocharis cardamines,26,31,6,34,49,32,0
Anthocharis cardamines,27,13,12,23,20,8,0
Anthocharis cardamines,28,8,2,37,24,25,0
Anthocharis cardamines,29,18,18,20,13,17,0
Anthocharis cardamines,30,13,13,20,19,14,0
Anthocharis cardamines,31,4,9,25,3,7,0
Anthocharis cardamines,32,10,12,15,6,2,0
Anthocharis cardamines,33,3,3,10,3,1,0
Anthocharis cardamines,34,5,6,14,5,0,0
Anthocharis cardamines,35,3,4,11,11,1,0
Anthocharis cardamines,36,0,6,17,1,1,0
Anthocharis cardamines,37,3,0,10,0,2,0
Anthocharis cardamines,38,2,0,10,0,1,0
Anthocharis cardamines,39,3,1,11,0,0,0
Anthocharis cardamines,40,0,0,1,1,0,0
Anthocharis cardamines,44,0,1,0,0,0,0
Anthocharis cardamines,48,0,0,1,0,0,0
Anthocharis cardamines,49,0,0,11,0,0,0
Anthocharis cardamines,50,0,0,2,0,0,0
Anthocharis cardamines,53,0,0,0,0,2,0
Erebia epiphron,21,0,1,0,0,0,0
Erebia epiphron,22,0,0,1,0,4,0
Erebia epiphron,23,3,10,16,4,0,0
Erebia epiphron,24,1,0,12,4,0,0
Erebia epiphron,25,0,18,11,11,0,0
Erebia epiphron,26,10,4,18,15,8,0
Erebia epiphron,27,0,8,16,8,2,0
Erebia epiphron,28,1,21,2,14,2,0
Erebia epiphron,29,13,5,11,10,6,0
Erebia epiphron,30,1,13,0,3,6,0
Erebia epiphron,31,1,1,4,0,0,0
Erebia epiphron,32,0,0,0,1,1,0
Erebia epiphron,33,1,0,0,0,1,0
Erebia epiphron,34,1,0,0,0,1,0
Melitaea athalia,12,0,1,0,0,0,0
Melitaea athalia,14,0,1,0,0,0,0
Melitaea athalia,17,0,1,0,0,0,0
Melitaea athalia,18,0,0,0,1,2,0
Melitaea athalia,19,1,0,0,1,0,0
Melitaea athalia,20,1,0,0,3,8,0
Melitaea athalia,21,1,9,3,1,30,0
Melitaea athalia,22,11,22,24,21,56,0
Melitaea athalia,23,16,19,66,45,52,0
Melitaea athalia,24,18,49,55,46,59,0
Melitaea athalia,25,34,41,61,81,67,0
Melitaea athalia,26,33,13,49,63,47,0
Melitaea athalia,27,33,4,24,49,16,0
Melitaea athalia,28,3,0,9,18,7,0
Melitaea athalia,29,6,3,3,10,1,0
Melitaea athalia,30,0,3,1,4,8,0
Melitaea athalia,31,0,1,6,0,1,0
Melitaea athalia,33,0,0,1,0,1,0
Melitaea athalia,34,0,0,16,0,2,0
Melitaea athalia,35,0,1,6,2,1,0
Melitaea athalia,36,0,1,5,1,3,0
Melitaea athalia,37,0,1,0,1,3,0
Melitaea athalia,38,0,1,1,1,2,0
Melitaea athalia,50,0,0,0,0,1,0
Callophrys rubi,12,0,0,0,1,0,0
Callophrys rubi,13,0,0,0,3,0,0
Callophrys rubi,14,6,14,2,7,4,0
Callophrys rubi,15,5,61,0,32,34,0
Callophrys rubi,16,25,74,27,269,90,0
Callophrys rubi,17,4,98,38,298,273,0
Callophrys rubi,18,69,167,210,308,95,0
Callophrys rubi,19,239,414,507,408,392,0
Callophrys rubi,20,373,218,638,816,348,0
Callophrys rubi,21,253,398,500,586,561,0
Callophrys rubi,22,260,170,261,268,381,0
Callophrys rubi,23,223,116,203,159,86,0
Callophrys rubi,24,49,85,97,51,52,0
Callophrys rubi,25,23,43,51,80,24,0
Callophrys rubi,26,19,15,27,62,21,0
Callophrys rubi,27,10,12,7,57,3,0
Callophrys rubi,28,1,7,22,21,11,0
Callophrys rubi,29,3,6,1,8,4,0
Callophrys rubi,30,2,4,1,3,8,0
Callophrys rubi,31,0,2,5,5,6,0
Callophrys rubi,32,1,0,1,0,0,0
Callophrys rubi,33,1,1,0,1,0,0
Callophrys rubi,34,1,2,1,0,0,0
Callophrys rubi,35,1,1,0,0,0,0
Callophrys rubi,36,0,0,2,1,0,0
Callophrys rubi,37,2,0,0,0,0,0
Callophrys rubi,38,3,4,0,0,0,0
Argynnis adippe,18,0,1,0,0,0,0
Argynnis adippe,22,0,0,1,0,15,0
Argynnis adippe,23,1,0,3,0,3,0
Argynnis adippe,24,0,2,0,0,4,0
Argynnis adippe,25,2,12,3,7,13,0
Argynnis adippe,26,6,11,25,16,19,0
Argynnis adippe,27,15,17,27,18,10,0
Argynnis adippe,28,2,27,19,11,11,0
Argynnis adippe,29,22,14,13,7,5,0
Argynnis adippe,30,7,10,8,18,8,0
Argynnis adippe,31,10,4,8,9,6,0
Argynnis adippe,32,14,3,2,6,1,0
Argynnis adippe,33,2,0,0,2,1,0
Argynnis adippe,34,3,1,0,0,1,0
Argynnis adippe,35,0,0,0,0,1,0
Argynnis adippe,37,1,0,0,0,0,0
Argynnis adippe,43,0,0,0,1,0,0
Hesperia comma,1,0,0,0,1,0,0
Hesperia comma,4,0,0,0,0,0,1
Hesperia comma,13,0,0,0,0,1,0
Hesperia comma,14,6,0,0,0,0,0
Hesperia comma,16,0,0,0,0,1,0
Hesperia comma,23,0,0,3,0,1,0
Hesperia comma,24,0,2,0,0,0,0
Hesperia comma,25,0,0,0,0,2,0
Hesperia comma,26,3,0,0,2,1,0
Hesperia comma,27,1,1,2,0,0,0
Hesperia comma,28,0,4,11,0,2,0
Hesperia comma,29,3,17,32,6,3,0
Hesperia comma,30,18,34,72,26,22,0
Hesperia comma,31,34,46,151,95,96,0
Hesperia comma,32,60,80,129,138,172,0
Hesperia comma,33,99,98,72,100,98,0
Hesperia comma,34,64,73,62,116,92,0
Hesperia comma,35,42,70,25,89,28,0
Hesperia comma,36,8,21,22,45,17,0
Hesperia comma,37,1,2,15,4,12,0
Hesperia comma,38,0,0,1,6,3,0
Hesperia comma,44,0,0,1,0,0,0
Hesperia comma,46,0,0,1,0,0,0
Boloria euphrosyne,13,0,0,0,0,1,0
Boloria euphrosyne,15,0,1,0,0,2,0
Boloria euphrosyne,16,1,6,1,8,8,0
Boloria euphrosyne,17,2,10,2,19,69,0
Boloria euphrosyne,18,7,46,3,72,23,0
Boloria euphrosyne,19,32,145,24,134,83,0
Boloria euphrosyne,20,151,161,99,210,41,0
Boloria euphrosyne,21,130,163,201,172,134,0
Boloria euphrosyne,22,187,107,170,107,69,0
Boloria euphrosyne,23,112,49,118,66,7,0
Boloria euphrosyne,24,26,24,49,22,10,0
Boloria euphrosyne,25,31,19,28,11,12,0
Boloria euphrosyne,26,15,5,31,4,4,0
Boloria euphrosyne,27,5,1,4,0,7,0
Boloria euphrosyne,28,0,1,1,4,7,0
Boloria euphrosyne,29,0,4,1,4,3,0
Boloria euphrosyne,30,1,3,1,1,10,0
Boloria euphrosyne,31,0,1,4,0,4,0
Boloria euphrosyne,33,0,0,0,2,0,0
Boloria euphrosyne,34,1,0,0,1,0,0
Boloria euphrosyne,52,0,0,0,0,1,0
Euphydryas aurinia,7,0,0,0,1,0,0
Euphydryas aurinia,8,0,0,1,2,0,0
Euphydryas aurinia,10,0,0,0,1,0,0
Euphydryas aurinia,11,0,0,0,0,1,0
Euphydryas aurinia,12,0,0,0,0,3,0
Euphydryas aurinia,13,0,0,1,0,0,0
Euphydryas aurinia,14,0,1,0,4,1,0
Euphydryas aurinia,15,0,0,0,3,0,0
Euphydryas aurinia,16,1,0,0,6,0,0
Euphydryas aurinia,17,0,0,0,2,6,0
Euphydryas aurinia,18,1,0,0,4,7,0
Euphydryas aurinia,19,2,18,0,32,63,0
Euphydryas aurinia,20,16,33,10,93,92,0
Euphydryas aurinia,21,45,79,96,168,186,0
Euphydryas aurinia,22,79,82,107,114,105,0
Euphydryas aurinia,23,88,57,129,73,23,0
Euphydryas aurinia,24,27,33,50,25,17,0
Euphydryas aurinia,25,10,16,10,44,4,0
Euphydryas aurinia,26,4,1,5,15,3,0
Euphydryas aurinia,27,1,1,3,4,0,0
Euphydryas aurinia,28,0,0,1,1,1,0
Euphydryas aurinia,29,0,3,2,3,0,0
Euphydryas aurinia,30,0,3,2,0,8,0
Euphydryas aurinia,31,0,0,6,0,1,0
Euphydryas aurinia,32,0,0,4,1,0,0
Euphydryas aurinia,33,0,3,9,6,0,0
Euphydryas aurinia,34,1,0,1,4,3,0
Euphydryas aurinia,35,0,6,13,8,7,0
Euphydryas aurinia,36,1,1,8,2,3,0
Euphydryas aurinia,37,0,12,1,5,3,0
Euphydryas aurinia,38,1,20,0,4,2,0
Euphydryas aurinia,39,1,0,1,0,0,0
Euphydryas aurinia,41,0,0,0,0,1,0
Lysandra coridon,29,0,0,0,3,0,0
Lysandra coridon,30,0,0,0,1,0,0
Lysandra coridon,31,0,0,0,1,2,0
Lysandra coridon,32,0,0,0,0,2,0
Erebia aethiops,19,0,0,0,0,1,0
Erebia aethiops,23,0,0,3,0,0,0
Erebia aethiops,24,0,0,1,0,1,0
Erebia aethiops,25,0,0,0,0,1,0
Erebia aethiops,26,0,1,2,0,1,0
Erebia aethiops,27,0,1,1,2,0,0
Erebia aethiops,28,4,1,7,1,2,0
Erebia aethiops,29,5,7,54,2,3,0
Erebia aethiops,30,25,51,81,22,28,0
Erebia aethiops,31,97,73,52,141,78,0
Erebia aethiops,32,73,93,140,87,155,0
Erebia aethiops,33,120,97,16,69,106,0
Erebia aethiops,34,73,83,42,50,76,0
Erebia aethiops,35,16,37,33,26,18,0
Erebia aethiops,36,13,16,23,8,19,0
Erebia aethiops,37,0,7,3,0,0,0
Erebia aethiops,38,0,2,1,0,1,0
Erebia aethiops,39,0,1,0,0,0,0
Erebia aethiops,49,0,0,2,0,0,0
Erebia aethiops,50,0,0,1,0,0,0
Polyommatus bellargus,14,6,0,0,0,0,0
Polyommatus bellargus,17,0,2,0,1,2,0
Polyommatus bellargus,18,0,4,0,1,7,0
Polyommatus bellargus,19,0,18,4,41,23,0
Polyommatus bellargus,20,20,62,50,114,93,0
Polyommatus bellargus,21,66,144,145,219,283,0
Polyommatus bellargus,22,90,139,227,244,266,0
Polyommatus bellargus,23,114,83,233,168,81,0
Polyommatus bellargus,24,51,65,159,60,58,0
Polyommatus bellargus,25,38,40,63,65,17,0
Polyommatus bellargus,26,23,12,22,58,19,0
Polyommatus bellargus,27,9,1,3,25,3,0
Polyommatus bellargus,28,0,2,2,4,7,0
Polyommatus bellargus,29,0,7,7,2,13,0
Polyommatus bellargus,30,1,9,43,4,20,0
Polyommatus bellargus,31,1,17,95,26,42,0
Polyommatus bellargus,32,5,58,132,33,105,0
Polyommatus bellargus,33,45,134,209,126,202,0
Polyommatus bellargus,34,77,188,263,238,213,0
Polyommatus bellargus,35,136,217,260,285,161,0
Polyommatus bellargus,36,89,129,219,218,145,0
Polyommatus bellargus,37,74,64,152,126,117,0
Polyommatus bellargus,38,37,37,52,79,74,0
Polyommatus bellargus,39,16,19,45,11,18,0
Polyommatus bellargus,40,3,1,0,2,3,0
Polyommatus bellargus,42,0,0,1,0,0,0
Lampides boeticus,28,0,0,2,0,0,0
Lampides boeticus,29,0,0,0,1,0,0
Lampides boeticus,30,0,0,1,2,0,0
Lampides boeticus,31,0,0,0,0,2,0
Lampides boeticus,32,0,1,0,0,8,0
Lampides boeticus,33,0,0,0,1,0,0
Lampides boeticus,34,0,0,0,7,1,0
Lampides boeticus,35,0,0,0,15,0,0
Lampides boeticus,36,0,0,0,1,0,0
Lampides boeticus,37,0,0,0,1,11,0
Lampides boeticus,38,0,0,0,1,1,0
Lampides boeticus,39,0,0,0,1,0,0
Lampides boeticus,40,0,0,0,3,1,0
Lampides boeticus,41,0,0,0,0,1,0
Lampides boeticus,42,0,0,1,1,1,0
Lampides boeticus,50,0,0,1,0,0,0
Leptidea juvernica,16,0,0,0,1,1,0
Leptidea juvernica,17,0,0,0,0,3,0
Leptidea juvernica,19,0,0,0,0,1,0
Leptidea juvernica,20,0,1,0,1,0,0
Leptidea juvernica,21,0,0,3,0,3,0
Leptidea juvernica,22,0,0,0,0,1,0
Leptidea juvernica,23,0,0,0,0,1,0
Leptidea juvernica,27,0,0,0,1,0,0
Leptidea juvernica,29,1,0,1,1,1,0
Leptidea juvernica,30,0,0,2,0,0,0
Leptidea juvernica,35,0,0,0,0,1,0
Leptidea juvernica,37,0,0,0,0,2,0
Leptidea juvernica,38,0,0,0,1,0,0
Nymphalis antiopa,13,0,0,0,0,3,0
Nymphalis antiopa,15,0,0,0,0,1,0
Nymphalis antiopa,16,1,0,1,2,0,0
Nymphalis antiopa,17,1,0,0,0,0,0
Nymphalis antiopa,23,0,0,3,0,0,0
Nymphalis antiopa,25,0,0,1,1,0,0
Nymphalis antiopa,27,0,5,0,0,0,0
Nymphalis antiopa,28,0,0,1,1,0,0
Nymphalis antiopa,29,0,3,1,1,0,0
Nymphalis antiopa,30,0,4,1,0,6,0
Nymphalis antiopa,31,0,0,4,0,0,0
Nymphalis antiopa,33,0,0,0,0,2,0
Nymphalis antiopa,34,1,0,0,0,1,0
Nymphalis antiopa,35,0,0,1,0,0,0
Nymphalis antiopa,36,0,0,0,1,0,0
Nymphalis antiopa,37,3,0,0,0,1,0
Nymphalis antiopa,39,0,0,0,0,2,0
Nymphalis antiopa,42,0,0,0,1,0,0
Pieris brassicae/rapae,15,0,0,0,2,0,0
Pieris brassicae/rapae,18,0,0,0,0,1,0
Pieris brassicae/rapae,19,0,0,0,1,0,0
Pieris brassicae/rapae,20,0,0,0,2,0,0
Pieris brassicae/rapae,22,0,0,0,0,1,0
Pieris brassicae/rapae,23,0,1,0,0,0,0
Pieris brassicae/rapae,29,0,1,0,1,1,0
Pieris brassicae/rapae,30,0,0,0,2,0,0
Pieris brassicae/rapae,31,0,0,1,0,0,0
Pieris brassicae/rapae,33,0,0,0,2,0,0
Pieris brassicae/rapae,35,0,0,0,1,0,0
Pieris brassicae/rapae,38,0,1,0,5,1,0
Pieris brassicae/rapae,40,0,0,0,3,0,0
Pyrgus malvae,14,6,2,1,3,0,0
Pyrgus malvae,15,4,28,0,5,15,0
Pyrgus malvae,16,23,65,3,87,26,0
Pyrgus malvae,17,21,73,12,117,131,0
Pyrgus malvae,18,63,134,59,159,53,0
Pyrgus malvae,19,181,220,241,244,211,0
Pyrgus malvae,20,277,154,405,341,310,0
Pyrgus malvae,21,201,193,403,338,332,0
Pyrgus malvae,22,146,82,200,203,216,0
Pyrgus malvae,23,137,55,158,102,33,0
Pyrgus malvae,24,58,38,68,27,31,0
Pyrgus malvae,25,26,6,15,38,2,0
Pyrgus malvae,26,6,5,4,24,7,0
Pyrgus malvae,27,6,2,0,4,0,0
Pyrgus malvae,28,0,1,0,4,4,0
Pyrgus malvae,29,1,4,1,1,1,0
Pyrgus malvae,30,1,3,2,0,7,0
Pyrgus malvae,31,1,0,4,4,3,0
Pyrgus malvae,32,0,1,3,0,1,0
Pyrgus malvae,33,0,1,0,2,1,0
Pyrgus malvae,35,0,0,2,2,1,0
Pyrgus malvae,36,1,2,0,1,0,0
Pyrgus malvae,37,0,0,0,2,0,0
Pyrgus malvae,39,0,0,1,0,0,0
Pyrgus malvae,42,0,0,0,0,1,0
Satyrium pruni,8,0,0,0,0,1,0
Satyrium pruni,14,6,0,0,0,0,0
Satyrium pruni,17,0,0,0,0,1,0
Satyrium pruni,20,0,7,0,1,0,0
Satyrium pruni,22,0,0,1,4,39,0
Satyrium pruni,23,0,14,30,18,37,0
Satyrium pruni,24,3,40,67,23,23,0
Satyrium pruni,25,8,6,30,67,11,0
Satyrium pruni,26,8,3,14,20,8,0
Satyrium pruni,27,4,0,2,3,1,0
Satyrium pruni,28,2,0,0,2,0,0
Satyrium pruni,29,0,3,0,1,1,0
Satyrium pruni,30,0,3,0,0,6,0
Satyrium pruni,31,1,0,4,0,0,0
Satyrium pruni,32,0,0,1,0,0,0
Satyrium pruni,36,0,0,0,2,0,0
Satyrium pruni,46,0,1,0,0,0,0
Satyrium pruni,50,0,0,0,0,1,0
Satyrium pruni,51,0,0,0,0,2,0
Thecla betulae,1,0,22,27,182,20,5
Thecla betulae,2,0,30,29,18,3,3
Thecla betulae,3,0,308,19,30,5,7
Thecla betulae,4,0,15,138,147,7,2
Thecla betulae,5,0,135,7,109,4,5
Thecla betulae,6,0,183,39,194,3,2
Thecla betulae,7,0,11,34,129,5,3
Thecla betulae,8,0,342,210,42,0,2
Thecla betulae,9,0,18,1,12,1,1
Thecla betulae,10,0,14,189,12,1,0
Thecla betulae,11,0,25,89,22,0,1
Thecla betulae,12,3,31,18,71,0,0
Thecla betulae,13,3,19,2,12,0,0
Thecla betulae,14,7,0,8,2,0,0
Thecla betulae,16,0,0,2,1,0,0
Thecla betulae,17,1,0,0,0,0,0
Thecla betulae,20,0,1,1,0,0,0
Thecla betulae,22,1,0,1,0,0,0
Thecla betulae,23,0,0,3,0,0,0
Thecla betulae,24,0,1,0,0,0,0
Thecla betulae,25,0,0,0,0,1,0
Thecla betulae,27,0,2,1,1,1,0
Thecla betulae,28,0,1,3,0,6,0
Thecla betulae,29,0,11,7,0,13,0
Thecla betulae,30,2,18,29,14,20,0
Thecla betulae,31,6,36,29,12,58,0
Thecla betulae,32,15,58,32,21,71,0
Thecla betulae,33,20,37,27,38,28,0
Thecla betulae,34,18,43,45,70,47,0
Thecla betulae,35,26,46,52,51,28,0
Thecla betulae,36,8,13,42,32,47,0
Thecla betulae,37,16,13,41,32,45,0
Thecla betulae,38,10,6,11,18,51,0
Thecla betulae,39,7,10,19,8,9,0
Thecla betulae,40,2,8,67,1,2,0
Thecla betulae,41,2,2,23,3,3,0
Thecla betulae,42,0,2,4,2,4,0
Thecla betulae,43,1,4,10,1,1,0
Thecla betulae,44,17,127,7,2,5,0
Thecla betulae,45,2,49,12,0,2,0
Thecla betulae,46,8,134,21,0,4,0
Thecla betulae,47,8,2,1,0,19,0
Thecla betulae,48,26,14,6,3,7,0
Thecla betulae,49,44,31,25,0,26,0
Thecla betulae,50,43,50,7,0,9,0
Thecla betulae,51,36,17,21,6,11,0
Thecla betulae,52,33,12,5,9,5,0
Thecla betulae,53,3,4,12,391,8,0
Nymphalis polychloros,4,0,0,0,1,0,0
Nymphalis polychloros,8,0,0,0,0,0,1
Nymphalis polychloros,9,0,0,0,3,0,3
Nymphalis polychloros,11,0,0,0,0,2,0
Nymphalis polychloros,12,0,1,0,0,5,0
Nymphalis polychloros,13,0,0,0,2,3,0
Nymphalis polychloros,14,0,3,1,0,4,0
Nymphalis polychloros,15,0,0,0,0,10,0
Nymphalis polychloros,16,3,0,3,3,4,0
Nymphalis polychloros,17,0,0,1,1,9,0
Nymphalis polychloros,18,2,0,0,0,2,0
Nymphalis polychloros,19,3,0,0,0,1,0
Nymphalis polychloros,20,0,0,1,1,2,0
Nymphalis polychloros,21,4,0,0,0,0,0
Nymphalis polychloros,22,0,0,0,0,1,0
Nymphalis polychloros,23,1,1,6,1,1,0
Nymphalis polychloros,24,0,0,0,1,4,0
Nymphalis polychloros,25,0,0,0,1,2,0
Nymphalis polychloros,26,0,4,1,6,9,0
Nymphalis polychloros,27,1,1,1,3,5,0
Nymphalis polychloros,28,1,3,2,2,15,0
Nymphalis polychloros,29,3,5,5,0,12,0
Nymphalis polychloros,30,0,3,2,3,9,0
Nymphalis polychloros,31,2,1,5,8,1,0
Nymphalis polychloros,32,1,0,0,0,5,0
Nymphalis polychloros,33,0,1,2,0,3,0
Nymphalis polychloros,34,0,0,0,2,1,0
Nymphalis polychloros,35,2,0,1,1,0,0
Nymphalis polychloros,36,0,0,0,1,1,0
Nymphalis polychloros,37,2,0,1,1,1,0
Nymphalis polychloros,38,12,0,0,3,3,0
Nymphalis polychloros,39,0,0,1,0,0,0
Nymphalis polychloros,40,0,0,0,0,1,0
Nymphalis polychloros,41,0,0,0,0,1,0
Nymphalis polychloros,43,0,0,0,0,1,0
Thymelicus lineola/sylvestris,24,0,0,1,0,0,0
Thymelicus lineola/sylvestris,25,0,1,1,0,0,0
Thymelicus lineola/sylvestris,26,0,2,0,2,2,0
Thymelicus lineola/sylvestris,27,0,8,6,3,0,0
Thymelicus lineola/sylvestris,28,0,2,3,6,2,0
Thymelicus lineola/sylvestris,29,1,5,4,0,0,0
Thymelicus lineola/sylvestris,30,3,3,2,1,0,0
Thymelicus lineola/sylvestris,31,0,0,5,1,1,0
Thymelicus lineola/sylvestris,32,0,1,0,1,0,0
Carterocephalus palaemon,13,0,0,0,0,1,0
Carterocephalus palaemon,14,6,0,0,7,0,0
Carterocephalus palaemon,15,0,1,0,0,0,0
Carterocephalus palaemon,16,0,0,0,0,2,0
Carterocephalus palaemon,17,11,0,0,1,0,0
Carterocephalus palaemon,18,1,0,0,2,0,0
Carterocephalus palaemon,19,1,5,2,9,8,0
Carterocephalus palaemon,20,0,3,3,21,0,0
Carterocephalus palaemon,21,20,50,58,18,10,0
Carterocephalus palaemon,22,36,52,78,40,27,0
Carterocephalus palaemon,23,27,38,72,32,9,0
Carterocephalus palaemon,24,19,11,13,25,8,0
Carterocephalus palaemon,25,6,5,0,3,2,0
Carterocephalus palaemon,26,3,2,0,1,1,0
Carterocephalus palaemon,27,1,1,4,0,0,0
Carterocephalus palaemon,28,0,2,0,0,0,0
Carterocephalus palaemon,29,4,3,3,0,0,0
Carterocephalus palaemon,30,0,3,1,0,6,0
Carterocephalus palaemon,31,1,0,4,1,1,0
Carterocephalus palaemon,32,0,1,0,0,2,0
Carterocephalus palaemon,33,0,2,0,0,1,0
Carterocephalus palaemon,34,5,0,0,1,0,0
Carterocephalus palaemon,35,0,0,0,1,0,0
Carterocephalus palaemon,36,1,0,1,5,0,0
Carterocephalus palaemon,37,1,0,0,0,0,0
Carterocephalus palaemon,39,1,0,0,1,0,0
Carterocephalus palaemon,40,1,0,0,0,0,0
Carterocephalus palaemon,52,0,0,0,0,1,0
Maculinea arion,15,0,0,2,0,0,0
Maculinea arion,16,0,0,0,0,1,0
Maculinea arion,21,0,0,0,0,1,0
Maculinea arion,22,2,1,0,0,7,0
Maculinea arion,23,15,4,10,4,3,0
Maculinea arion,24,14,7,6,3,7,0
Maculinea arion,25,25,9,15,4,2,0
Maculinea arion,26,34,6,6,10,4,0
Maculinea arion,27,8,3,5,2,0,0
Maculinea arion,28,1,0,2,0,0,0
Maculinea arion,29,3,3,2,0,0,0
Maculinea arion,30,1,3,2,0,6,0
Maculinea arion,31,0,0,4,0,0,0
Maculinea arion,32,0,0,0,1,0,0
Maculinea arion,33,0,0,0,1,1,0
Maculinea arion,34,0,0,0,0,1,0
Maculinea arion,35,1,0,3,0,0,0
Maculinea arion,37,1,0,0,0,0,0
Hamearis lucina,13,0,0,0,1,0,0
Hamearis lucina,14,0,0,0,1,0,0
Hamearis lucina,15,0,2,0,0,0,0
Hamearis lucina,16,2,10,0,15,4,0
Hamearis lucina,17,1,21,2,18,29,0
Hamearis lucina,18,2,36,12,36,14,0
Hamearis lucina,19,40,59,64,76,81,0
Hamearis lucina,20,64,44,96,136,73,0
Hamearis lucina,21,54,51,78,95,113,0
Hamearis lucina,22,45,17,40,30,25,0
Hamearis lucina,23,21,6,19,7,3,0
Hamearis lucina,24,6,1,3,0,1,0
Hamearis lucina,25,0,1,0,0,0,0
Hamearis lucina,26,0,0,0,1,0,0
Hamearis lucina,27,0,0,1,0,1,0
Hamearis lucina,29,0,2,1,0,0,0
Hamearis lucina,30,0,3,1,0,7,0
Hamearis lucina,31,0,0,4,1,0,0
Hamearis lucina,32,0,0,0,2,1,0
Hamearis lucina,38,0,0,0,0,1,0
Erynnis tages,8,0,0,0,0,0,1
Erynnis tages,15,0,0,0,0,1,0
Erynnis tages,16,0,2,0,5,0,0
Erynnis tages,17,0,5,0,6,35,0
Erynnis tages,18,4,24,3,13,20,0
Erynnis tages,19,31,59,17,42,67,0
Erynnis tages,20,62,43,62,76,187,0
Erynnis tages,21,41,73,51,102,171,0
Erynnis tages,22,37,34,19,26,44,0
Erynnis tages,23,35,18,30,22,6,0
Erynnis tages,24,6,8,10,9,2,0
Erynnis tages,25,3,5,3,6,2,0
Erynnis tages,26,0,0,0,6,0,0
Erynnis tages,27,0,1,0,3,0,0
Erynnis tages,28,1,0,0,0,2,0
Erynnis tages,29,1,0,0,0,1,0
Erynnis tages,30,0,0,0,0,2,0
Erynnis tages,31,0,0,0,1,5,0
Erynnis tages,32,0,2,0,1,10,0
Erynnis tages,33,0,3,0,0,4,0
Erynnis tages,34,0,0,0,1,3,0
Erynnis tages,35,0,0,0,1,0,0
Erynnis tages,36,0,1,0,0,0,0
Melitaea cinxia,10,0,0,0,0,1,0
Melitaea cinxia,11,0,0,14,0,0,0
Melitaea cinxia,12,0,0,0,1,0,0
Melitaea cinxia,15,0,0,0,0,1,0
Melitaea cinxia,16,0,0,1,1,0,0
Melitaea cinxia,17,0,0,0,4,0,0
Melitaea cinxia,18,0,0,0,2,4,0
Melitaea cinxia,19,2,1,1,11,15,0
Melitaea cinxia,20,5,0,4,27,17,0
Melitaea cinxia,21,16,9,9,15,31,0
Melitaea cinxia,22,14,5,10,10,30,0
Melitaea cinxia,23,9,4,16,12,6,0
Melitaea cinxia,24,8,5,6,7,3,0
Melitaea cinxia,25,4,3,4,0,2,0
Melitaea cinxia,26,3,0,0,0,0,0
Melitaea cinxia,27,0,0,0,1,2,0
Melitaea cinxia,29,0,3,0,0,1,0
Melitaea cinxia,30,0,5,0,0,6,0
Melitaea cinxia,31,0,1,4,1,0,0
Melitaea cinxia,32,0,0,0,2,0,0
Melitaea cinxia,33,0,0,0,1,1,0
Melitaea cinxia,34,0,0,0,1,1,0
Melitaea cinxia,35,0,0,0,1,0,0
Melitaea cinxia,37,0,0,0,1,0,0
Nymphalis xanthomelas,11,0,0,0,0,1,0
Nymphalis xanthomelas,13,0,1,0,0,0,0
Nymphalis xanthomelas,14,0,1,0,0,0,0
Nymphalis xanthomelas,15,0,1,0,0,0,0
Nymphalis xanthomelas,19,0,0,0,0,1,0
Nymphalis xanthomelas,20,0,0,0,0,1,0
Nymphalis xanthomelas,24,0,1,0,0,0,0
Nymphalis xanthomelas,26,0,0,0,0,1,0
Nymphalis xanthomelas,27,0,0,1,0,0,0
Nymphalis xanthomelas,28,0,0,2,0,0,0
Nymphalis xanthomelas,29,0,0,0,0,1,0
Nymphalis xanthomelas,31,0,0,0,0,1,0
Nymphalis xanthomelas,32,0,0,1,0,0,0
Colias hyale,14,6,0,0,0,0,0
Colias hyale,20,0,1,0,0,0,0
Colias hyale,23,0,0,3,0,0,0
Colias hyale,24,1,0,0,0,0,0
Colias hyale,29,1,3,0,0,0,0
Colias hyale,30,0,3,2,0,6,0
Colias hyale,31,0,0,4,1,1,0
Colias hyale,36,0,0,0,1,0,0
Danaus plexippus,16,0,0,0,1,0,0
Danaus plexippus,17,0,0,0,0,2,0
Danaus plexippus,22,0,1,0,1,0,0
Danaus plexippus,23,0,0,0,0,1,0
Danaus plexippus,25,0,0,0,1,0,0
Danaus plexippus,26,1,0,0,0,0,0
Danaus plexippus,27,0,1,0,1,0,0
Danaus plexippus,29,1,0,0,0,0,0
Danaus plexippus,30,0,0,1,2,6,0
Danaus plexippus,31,0,0,0,4,1,0
Danaus plexippus,32,0,0,0,0,1,0
Danaus plexippus,33,0,2,1,0,0,0
Danaus plexippus,35,0,1,0,0,0,0
Danaus plexippus,36,0,0,0,0,1,0
Danaus plexippus,37,0,2,0,0,0,0
Danaus plexippus,38,0,0,0,1,0,0
Danaus plexippus,40,0,0,0,1,0,0
Danaus plexippus,41,0,0,0,0,1,0
Colias alfacariensis,14,6,0,0,0,0,0
Colias alfacariensis,22,0,0,0,0,1,0
Colias alfacariensis,23,0,0,3,0,0,0
Colias alfacariensis,27,0,1,0,0,0,0
Colias alfacariensis,29,0,3,0,0,0,0
Colias alfacariensis,30,0,3,0,0,7,0
Colias alfacariensis,31,0,0,4,0,0,0
Colias alfacariensis,36,0,0,0,1,0,0
Colias alfacariensis,38,0,0,0,1,0,0
Lycaena dispar,14,6,0,0,0,0,0
Lycaena dispar,21,0,0,2,0,0,0
Lycaena dispar,22,1,0,0,0,0,0
Lycaena dispar,23,0,0,3,1,0,0
Lycaena dispar,24,1,0,0,0,0,0
Lycaena dispar,28,0,6,0,0,0,0
Lycaena dispar,29,0,3,0,0,0,0
Lycaena dispar,30,0,3,3,0,6,0
Lycaena dispar,31,2,0,4,1,0,0
Lycaena dispar,32,1,0,1,0,0,0
Lycaena dispar,35,0,1,0,0,0,0
Lycaena dispar,36,0,0,1,2,0,0
Lycaena dispar,38,1,0,0,0,0,0
Issoria lathonia,19,0,0,0,0,1,0
Issoria lathonia,28,0,0,2,0,2,0
Issoria lathonia,30,0,0,1,0,0,0
Issoria lathonia,31,0,0,0,2,3,0
Issoria lathonia,32,0,0,0,2,0,0
Issoria lathonia,35,0,3,0,0,0,0
Issoria lathonia,36,0,1,0,0,0,0
Boloria titania,27,0,0,0,0,2,0
Boloria titania,28,0,0,0,1,0,0
Heteropterus morpheus,25,0,0,0,0,1,0
Heteropterus morpheus,27,0,0,0,1,1,0
Heteropterus morpheus,28,0,0,0,1,0,0
Cupido lorquinii,30,0,0,0,1,0,0
Vanessa virginiensis,27,0,0,0,2,0,0
Vanessa virginiensis,31,0,0,1,0,0,0
Erebia ligea,27,0,1,0,0,0,0
Gonepteryx cleopatra,31,0,0,1,0,0,0
Aporia crataegi,15,0,0,1,0,0,0
Aporia crataegi,21,1,0,0,0,0,0
Aporia crataegi,32,0,0,0,1,0,0
Lysandra bellargus,20,0,0,0,0,3,0
Lysandra bellargus,21,0,0,0,0,3,0
Lysandra bellargus,22,0,0,0,0,2,0
Lysandra bellargus,32,0,0,0,0,1,0
Lysandra bellargus,35,0,0,0,0,2,0
Polyommatus (Lysandra),32,0,1,0,0,0,0
Fabriciana adippe,25,0,0,0,0,4,0
Fabriciana adippe,26,0,0,0,0,6,0
Melitaea aetherie,25,0,0,0,0,1,0
Melitaea aetherie,26,0,0,0,0,1,0
Parnassius apollo,26,0,0,0,0,1,0
Pyrgus andromedae,26,0,0,0,0,1,0
Cupido argiades,34,0,0,0,0,1,0
Cacyreus marshalli,34,0,0,1,0,0,0
Colias palaeno,1,0,0,0,0,3,0
Colias palaeno,2,0,0,0,0,1,0
Colias palaeno,3,0,0,0,0,2,0
Colias palaeno,5,0,0,0,0,4,0
Colias palaeno,6,0,0,0,0,2,0
Colias palaeno,22,0,0,0,0,3,0
Colias palaeno,23,0,0,0,0,2,0
Colias palaeno,24,0,0,0,0,1,0
Colias palaeno,25,0,0,0,0,1,0
Lysandra caelestissima,25,0,0,0,0,1,0
Parnassius phoebus,22,0,0,0,0,2,0
Melitaea didyma,24,0,0,0,0,1,0
Parnassius mnemosyne,46,0,0,0,2,0,0
Pieris napi sabellicae,2,0,0,0,1,0,0
Pieris napi sabellicae,12,0,0,0,4,0,0
Pieris napi sabellicae,13,0,1,0,1,0,0
Pieris napi sabellicae,14,0,1,0,1,7,0
Pieris napi sabellicae,15,0,5,3,10,42,0
Pieris napi sabellicae,16,1,5,25,76,83,0
Pieris napi sabellicae,17,1,3,15,42,154,0
Pieris napi sabellicae,18,2,2,48,37,59,0
Pieris napi sabellicae,19,4,15,72,59,113,0
Pieris napi sabellicae,20,16,8,79,89,61,0
Pieris napi sabellicae,21,1,11,73,55,102,0
Pieris napi sabellicae,22,2,8,34,25,63,0
Pieris napi sabellicae,23,4,3,28,30,10,0
Pieris napi sabellicae,24,9,5,30,10,18,0
Pieris napi sabellicae,25,2,21,17,15,25,0
Pieris napi sabellicae,26,0,3,41,24,59,0
Pieris napi sabellicae,27,14,14,51,25,53,0
Pieris napi sabellicae,28,3,16,93,33,84,0
Pieris napi sabellicae,29,6,8,80,77,82,0
Pieris napi sabellicae,30,9,5,62,57,75,0
Pieris napi sabellicae,31,2,4,53,78,88,0
Pieris napi sabellicae,32,2,2,31,43,73,0
Pieris napi sabellicae,33,5,10,13,36,29,0
Pieris napi sabellicae,34,9,4,17,48,28,0
Pieris napi sabellicae,35,2,25,25,34,12,0
Pieris napi sabellicae,36,0,3,17,14,12,0
Pieris napi sabellicae,37,5,4,7,14,23,0
Pieris napi sabellicae,38,2,0,2,6,9,0
Pieris napi sabellicae,39,0,0,2,0,7,0
Pieris napi sabellicae,40,0,0,3,1,0,0
Pieris napi sabellicae,41,0,0,0,0,1,0
Pieris napi sabellicae,42,0,0,0,1,1,0
Pieris napi sabellicae,49,1,0,1,0,0,0
Pieris napi sabellicae,53,0,0,0,0,1,0
Pyronia tithonus britanniae,20,0,0,0,0,1,0
Pyronia tithonus britanniae,21,0,0,0,0,1,0
Pyronia tithonus britanniae,22,0,0,0,0,2,0
Pyronia tithonus britanniae,23,0,0,0,1,4,0
Pyronia tithonus britanniae,24,0,1,0,0,1,0
Pyronia tithonus britanniae,25,0,0,1,1,6,0
Pyronia tithonus britanniae,26,0,7,8,5,2,0
Pyronia tithonus britanniae,27,1,28,23,10,18,0
Pyronia tithonus britanniae,28,2,38,59,37,61,0
Pyronia tithonus britanniae,29,7,46,34,64,119,0
Pyronia tithonus britanniae,30,3,39,28,63,79,0
Pyronia tithonus britanniae,31,0,37,16,48,175,0
Pyronia tithonus britanniae,32,3,23,8,42,177,0
Pyronia tithonus britanniae,33,5,24,3,26,76,0
Pyronia tithonus britanniae,34,0,2,1,11,27,0
Pyronia tithonus britanniae,35,0,1,1,4,8,0
Pyronia tithonus britanniae,36,0,0,0,1,2,0
Pyronia tithonus britanniae,37,0,0,0,0,2,0
Maniola jurtina jurtina,15,0,1,1,0,0,0
Maniola jurtina jurtina,19,0,0,0,0,1,0
Maniola jurtina jurtina,21,0,0,0,0,1,0
Maniola jurtina jurtina,22,0,1,0,1,27,0
Maniola jurtina jurtina,23,0,9,10,3,43,0
Maniola jurtina jurtina,24,0,34,20,7,65,0
Maniola jurtina jurtina,25,0,48,38,47,63,0
Maniola jurtina jurtina,26,3,25,40,55,80,0
Maniola jurtina jurtina,27,1,56,42,75,49,0
Maniola jurtina jurtina,28,1,18,27,47,59,0
Maniola jurtina jurtina,29,3,20,34,53,56,0
Maniola jurtina jurtina,30,2,31,23,49,31,0
Maniola jurtina jurtina,31,4,23,12,37,29,0
Maniola jurtina jurtina,32,0,18,4,30,27,0
Maniola jurtina jurtina,33,1,12,8,21,8,0
Maniola jurtina jurtina,34,4,11,1,9,11,0
Maniola jurtina jurtina,35,1,12,3,5,4,0
Maniola jurtina jurtina,36,0,4,2,2,0,0
Maniola jurtina jurtina,37,1,3,2,0,6,0
Maniola jurtina jurtina,38,2,2,0,2,1,0
Maniola jurtina jurtina,39,0,1,1,0,1,0
Maniola jurtina jurtina,40,0,0,0,0,1,0
Maniola jurtina jurtina,42,0,1,0,0,0,0
Coenonympha pamphilus pamphilus,15,0,0,0,1,0,0
Coenonympha pamphilus pamphilus,17,0,0,0,3,4,0
Coenonympha pamphilus pamphilus,18,0,0,0,9,7,0
Coenonympha pamphilus pamphilus,19,1,0,5,29,48,0
Coenonympha pamphilus pamphilus,20,1,0,23,56,79,0
Coenonympha pamphilus pamphilus,21,2,5,36,70,102,0
Coenonympha pamphilus pamphilus,22,0,4,35,43,165,0
Coenonympha pamphilus pamphilus,23,1,0,43,33,65,0
Coenonympha pamphilus pamphilus,24,0,3,34,28,79,0
Coenonympha pamphilus pamphilus,25,0,6,43,64,58,0
Coenonympha pamphilus pamphilus,26,0,2,37,76,64,0
Coenonympha pamphilus pamphilus,27,0,1,21,51,26,0
Coenonympha pamphilus pamphilus,28,0,3,8,38,35,0
Coenonympha pamphilus pamphilus,29,0,2,13,32,25,0
Coenonympha pamphilus pamphilus,30,0,2,4,22,29,0
Coenonympha pamphilus pamphilus,31,0,0,15,20,31,0
Coenonympha pamphilus pamphilus,32,0,1,18,17,23,0
Coenonympha pamphilus pamphilus,33,0,1,17,12,33,0
Coenonympha pamphilus pamphilus,34,0,1,8,34,33,0
Coenonympha pamphilus pamphilus,35,0,1,17,11,17,0
Coenonympha pamphilus pamphilus,36,1,0,13,17,15,0
Coenonympha pamphilus pamphilus,37,0,0,6,4,13,0
Coenonympha pamphilus pamphilus,38,0,0,0,6,7,0
Coenonympha pamphilus pamphilus,39,0,0,8,0,3,0
Coenonympha pamphilus pamphilus,40,0,0,4,0,0,0
Coenonympha pamphilus pamphilus,41,0,0,2,0,0,0
Coenonympha pamphilus pamphilus,42,0,0,1,1,1,0
Coenonympha pamphilus pamphilus,43,0,0,1,0,0,0
Coenonympha pamphilus pamphilus,53,0,0,0,0,1,0
Pararge aegeria tircis,2,0,0,0,1,0,0
Pararge aegeria tircis,10,0,0,0,0,0,1
Pararge aegeria tircis,12,0,0,0,3,0,0
Pararge aegeria tircis,13,0,0,0,5,0,0
Pararge aegeria tircis,14,0,9,0,4,11,0
Pararge aegeria tircis,15,2,8,0,11,27,0
Pararge aegeria tircis,16,0,2,1,90,47,0
Pararge aegeria tircis,17,0,3,2,47,58,0
Pararge aegeria tircis,18,0,3,7,24,9,0
Pararge aegeria tircis,19,1,3,7,21,19,0
Pararge aegeria tircis,20,8,4,13,26,15,0
Pararge aegeria tircis,21,0,2,17,16,20,0
Pararge aegeria tircis,22,2,2,5,10,36,0
Pararge aegeria tircis,23,1,6,9,17,14,0
Pararge aegeria tircis,24,2,7,7,11,23,0
Pararge aegeria tircis,25,1,13,9,37,16,0
Pararge aegeria tircis,26,2,1,13,20,11,0
Pararge aegeria tircis,27,0,8,4,14,6,0
Pararge aegeria tircis,28,1,4,25,15,13,0
Pararge aegeria tircis,29,0,9,4,30,19,0
Pararge aegeria tircis,30,5,5,6,25,25,0
Pararge aegeria tircis,31,0,3,6,22,55,0
Pararge aegeria tircis,32,1,2,5,19,67,0
Pararge aegeria tircis,33,9,8,2,12,43,0
Pararge aegeria tircis,34,3,4,1,14,58,0
Pararge aegeria tircis,35,4,6,8,32,40,0
Pararge aegeria tircis,36,3,0,10,22,29,0
Pararge aegeria tircis,37,3,10,2,7,59,0
Pararge aegeria tircis,38,3,2,1,10,78,0
Pararge aegeria tircis,39,10,4,7,4,36,0
Pararge aegeria tircis,40,2,3,0,2,13,0
Pararge aegeria tircis,41,0,1,0,0,27,0
Pararge aegeria tircis,42,0,0,0,2,10,0
Pararge aegeria tircis,43,0,0,1,0,1,0
Pararge aegeria tircis,44,0,1,0,0,0,0
Pararge aegeria tircis,45,0,1,0,0,0,0
Pararge aegeria tircis,46,0,1,0,0,2,0
Pararge aegeria tircis,48,0,1,0,0,0,0
Melanargia galathea serena,18,0,0,0,1,0,0
Melanargia galathea serena,23,0,0,1,1,10,0
Melanargia galathea serena,24,2,1,4,0,20,0
Melanargia galathea serena,25,0,18,22,8,43,0
Melanargia galathea serena,26,7,21,43,16,67,0
Melanargia galathea serena,27,18,34,34,21,42,0
Melanargia galathea serena,28,12,7,28,17,30,0
Melanargia galathea serena,29,11,5,13,24,23,0
Melanargia galathea serena,30,7,3,7,7,7,0
Melanargia galathea serena,31,1,0,1,4,7,0
Melanargia galathea serena,32,3,0,0,0,3,0
Melanargia galathea serena,33,2,1,0,0,0,0
Melanargia galathea serena,35,1,0,0,0,0,0
Melanargia galathea serena,38,2,0,0,0,1,0
Melanargia galathea serena,41,2,0,0,0,0,0
Gonepteryx rhamni rhamni,1,0,1,0,0,0,0
Gonepteryx rhamni rhamni,2,0,0,0,0,1,0
Gonepteryx rhamni rhamni,4,0,0,0,0,0,1
Gonepteryx rhamni rhamni,6,0,0,2,0,0,0
Gonepteryx rhamni rhamni,7,0,0,0,22,0,0
Gonepteryx rhamni rhamni,8,0,2,0,63,0,26
Gonepteryx rhamni rhamni,9,0,0,0,67,1,44
Gonepteryx rhamni rhamni,10,0,6,2,4,5,6
Gonepteryx rhamni rhamni,11,0,13,16,1,52,0
Gonepteryx rhamni rhamni,12,0,0,2,98,89,0
Gonepteryx rhamni rhamni,13,0,20,33,103,104,0
Gonepteryx rhamni rhamni,14,0,17,49,24,95,0
Gonepteryx rhamni rhamni,15,4,10,49,26,176,0
Gonepteryx rhamni rhamni,16,1,1,138,159,93,0
Gonepteryx rhamni rhamni,17,0,1,20,33,115,0
Gonepteryx rhamni rhamni,18,5,5,35,23,20,0
Gonepteryx rhamni rhamni,19,0,15,53,41,75,0
Gonepteryx rhamni rhamni,20,1,7,57,72,44,0
Gonepteryx rhamni rhamni,21,0,18,42,57,70,0
Gonepteryx rhamni rhamni,22,0,4,12,14,45,0
Gonepteryx rhamni rhamni,23,0,5,20,12,6,0
Gonepteryx rhamni rhamni,24,0,4,9,3,16,0
Gonepteryx rhamni rhamni,25,0,4,13,9,12,0
Gonepteryx rhamni rhamni,26,0,2,9,16,19,0
Gonepteryx rhamni rhamni,27,0,9,21,2,8,0
Gonepteryx rhamni rhamni,28,0,3,23,8,23,0
Gonepteryx rhamni rhamni,29,0,5,32,19,26,0
Gonepteryx rhamni rhamni,30,1,4,17,31,25,0
Gonepteryx rhamni rhamni,31,0,9,12,33,28,0
Gonepteryx rhamni rhamni,32,0,4,2,17,28,0
Gonepteryx rhamni rhamni,33,2,5,5,9,6,0
Gonepteryx rhamni rhamni,34,2,4,2,25,6,0
Gonepteryx rhamni rhamni,35,1,2,4,7,7,0
Gonepteryx rhamni rhamni,36,0,3,2,2,5,0
Gonepteryx rhamni rhamni,37,0,1,2,9,8,0
Gonepteryx rhamni rhamni,38,2,1,0,5,5,0
Gonepteryx rhamni rhamni,39,0,3,1,0,2,0
Gonepteryx rhamni rhamni,40,0,0,1,0,1,0
Gonepteryx rhamni rhamni,41,0,0,3,1,2,0
Gonepteryx rhamni rhamni,42,0,1,2,1,1,0
Gonepteryx rhamni rhamni,43,0,0,1,2,1,0
Gonepteryx rhamni rhamni,44,1,0,0,1,0,0
Gonepteryx rhamni rhamni,45,0,0,0,0,9,0
Gonepteryx rhamni rhamni,46,0,1,0,0,0,0
Gonepteryx rhamni rhamni,48,0,0,0,0,3,0
Gonepteryx rhamni rhamni,49,0,0,1,0,0,0
Gonepteryx rhamni rhamni,51,0,0,0,1,1,0
Celastrina argiolus britanna,2,0,1,0,1,0,0
Celastrina argiolus britanna,7,0,0,0,1,0,0
Celastrina argiolus britanna,9,0,0,0,1,0,0
Celastrina argiolus britanna,11,0,0,0,1,1,0
Celastrina argiolus britanna,12,0,1,0,2,3,0
Celastrina argiolus britanna,13,0,13,0,20,16,0
Celastrina argiolus britanna,14,0,41,1,10,32,0
Celastrina argiolus britanna,15,0,34,5,14,222,0
Celastrina argiolus britanna,16,0,12,51,125,185,0
Celastrina argiolus britanna,17,0,10,16,57,224,0
Celastrina argiolus britanna,18,3,12,31,22,43,0
Celastrina argiolus britanna,19,21,19,65,45,129,0
Celastrina argiolus britanna,20,30,18,86,80,48,0
Celastrina argiolus britanna,21,7,26,42,56,67,0
Celastrina argiolus britanna,22,6,6,21,40,50,0
Celastrina argiolus britanna,23,2,6,8,12,7,0
Celastrina argiolus britanna,24,2,8,4,7,10,0
Celastrina argiolus britanna,25,0,4,7,13,13,0
Celastrina argiolus britanna,26,1,2,18,10,23,0
Celastrina argiolus britanna,27,2,13,15,13,22,0
Celastrina argiolus britanna,28,0,10,65,13,63,0
Celastrina argiolus britanna,29,3,11,58,17,78,0
Celastrina argiolus britanna,30,2,6,38,36,39,0
Celastrina argiolus britanna,31,4,9,43,55,64,0
Celastrina argiolus britanna,32,4,3,38,23,64,0
Celastrina argiolus britanna,33,8,7,29,28,31,0
Celastrina argiolus britanna,34,2,6,10,37,27,0
Celastrina argiolus britanna,35,2,2,15,12,6,0
Celastrina argiolus britanna,36,0,0,10,3,5,0
Celastrina argiolus britanna,37,1,0,2,3,2,0
Celastrina argiolus britanna,38,2,1,1,3,6,0
Celastrina argiolus britanna,39,0,1,1,0,0,0
Celastrina argiolus britanna,41,0,0,3,0,0,0
Celastrina argiolus britanna,42,1,0,1,0,2,0
Lycaena phlaeas phlaeas,11,0,1,0,1,0,0
Lycaena phlaeas phlaeas,12,0,0,0,1,0,0
Lycaena phlaeas phlaeas,13,0,0,0,3,0,0
Lycaena phlaeas phlaeas,14,0,0,0,2,0,0
Lycaena phlaeas phlaeas,15,0,0,0,2,1,0
Lycaena phlaeas phlaeas,16,0,1,0,6,2,0
Lycaena phlaeas phlaeas,17,0,1,0,16,18,0
Lycaena phlaeas phlaeas,18,0,0,1,13,6,0
Lycaena phlaeas phlaeas,19,0,3,7,41,31,0
Lycaena phlaeas phlaeas,20,1,4,19,82,33,0
Lycaena phlaeas phlaeas,21,1,8,27,94,36,0
Lycaena phlaeas phlaeas,22,0,2,23,31,24,0
Lycaena phlaeas phlaeas,23,0,2,18,29,8,0
Lycaena phlaeas phlaeas,24,0,2,4,12,5,0
Lycaena phlaeas phlaeas,25,0,3,3,14,20,0
Lycaena phlaeas phlaeas,26,0,0,5,19,22,0
Lycaena phlaeas phlaeas,27,0,2,3,12,18,0
Lycaena phlaeas phlaeas,28,0,3,37,9,52,0
Lycaena phlaeas phlaeas,29,1,8,38,15,35,0
Lycaena phlaeas phlaeas,30,2,9,36,30,36,0
Lycaena phlaeas phlaeas,31,1,3,39,39,55,0
Lycaena phlaeas phlaeas,32,0,8,30,41,34,0
Lycaena phlaeas phlaeas,33,1,7,12,28,32,0
Lycaena phlaeas phlaeas,34,4,2,19,48,43,0
Lycaena phlaeas phlaeas,35,2,4,40,25,16,0
Lycaena phlaeas phlaeas,36,1,2,43,13,20,0
Lycaena phlaeas phlaeas,37,1,2,39,14,41,0
Lycaena phlaeas phlaeas,38,4,5,16,26,58,0
Lycaena phlaeas phlaeas,39,1,5,50,7,18,0
Lycaena phlaeas phlaeas,40,0,5,9,13,8,0
Lycaena phlaeas phlaeas,41,1,1,19,2,7,0
Lycaena phlaeas phlaeas,42,0,1,12,1,1,0
Lycaena phlaeas phlaeas,43,0,6,6,4,2,0
Lycaena phlaeas phlaeas,44,0,0,6,1,0,0
Lycaena phlaeas phlaeas,45,0,0,2,0,1,0
Lycaena phlaeas phlaeas,53,0,0,0,0,1,0
Hipparchia semele semele,24,0,0,0,0,2,0
Hipparchia semele semele,25,0,1,2,1,1,0
Hipparchia semele semele,26,0,4,4,4,4,0
Hipparchia semele semele,27,0,21,5,3,7,0
Hipparchia semele semele,28,0,14,8,6,6,0
Hipparchia semele semele,29,1,20,9,13,11,0
Hipparchia semele semele,30,0,10,11,8,10,0
Hipparchia semele semele,31,1,6,5,9,8,0
Hipparchia semele semele,32,0,2,3,3,9,0
Hipparchia semele semele,33,0,1,2,4,10,0
Hipparchia semele semele,34,0,2,2,3,2,0
Hipparchia semele semele,35,0,1,1,4,2,0
Hipparchia semele semele,37,0,0,0,0,1,0
Erynnis tages tages,13,0,0,12,0,0,0
Erynnis tages tages,14,12,1,0,2,0,0
Erynnis tages tages,15,0,10,2,0,0,0
Erynnis tages tages,16,15,56,1,64,11,0
Erynnis tages tages,17,18,93,4,120,160,0
Erynnis tages tages,18,85,240,39,302,134,0
Erynnis tages tages,19,342,554,198,535,438,0
Erynnis tages tages,20,694,506,726,958,573,0
Erynnis tages tages,21,590,616,952,976,895,0
Erynnis tages tages,22,524,381,625,475,550,0
Erynnis tages tages,23,352,204,475,334,100,0
Erynnis tages tages,24,118,93,233,82,56,0
Erynnis tages tages,25,48,57,51,76,18,0
Erynnis tages tages,26,29,18,20,54,18,0
Erynnis tages tages,27,13,8,12,23,3,0
Erynnis tages tages,28,5,12,5,27,7,0
Erynnis tages tages,29,5,14,2,9,26,0
Erynnis tages tages,30,2,10,19,17,40,0
Erynnis tages tages,31,4,14,15,15,94,0
Erynnis tages tages,32,1,12,13,3,72,0
Erynnis tages tages,33,6,26,4,1,34,0
Erynnis tages tages,34,1,7,1,1,10,0
Erynnis tages tages,35,3,10,3,2,6,0
Erynnis tages tages,36,0,0,1,2,2,0
Erynnis tages tages,38,0,0,0,0,1,0
Pyronia tithonus tithonus,25,0,0,0,1,0,0
Pyronia tithonus tithonus,27,0,2,0,1,3,0
Pyronia tithonus tithonus,28,0,1,3,4,8,0
Pyronia tithonus tithonus,29,0,0,0,6,4,0
Pyronia tithonus tithonus,30,0,1,1,2,6,0
Pyronia tithonus tithonus,31,0,0,0,0,6,0
Pyronia tithonus tithonus,32,0,0,0,1,3,0
Pyronia tithonus tithonus,33,0,0,0,2,7,0
Polyommatus icarus icarus,5,0,0,0,0,1,0
Polyommatus icarus icarus,6,0,0,0,0,0,1
Polyommatus icarus icarus,8,0,0,0,0,0,1
Polyommatus icarus icarus,10,0,0,0,0,1,0
Polyommatus icarus icarus,13,0,0,0,0,1,0
Polyommatus icarus icarus,15,0,0,0,0,1,0
Polyommatus icarus icarus,18,0,0,0,0,1,0
Polyommatus icarus icarus,19,0,1,0,1,17,0
Polyommatus icarus icarus,20,0,1,3,4,44,0
Polyommatus icarus icarus,21,2,1,12,10,128,0
Polyommatus icarus icarus,22,0,3,8,6,105,0
Polyommatus icarus icarus,23,3,1,6,5,26,0
Polyommatus icarus icarus,24,0,4,9,3,16,0
Polyommatus icarus icarus,25,0,1,8,16,9,0
Polyommatus icarus icarus,26,0,0,5,9,13,0
Polyommatus icarus icarus,27,0,2,4,7,8,0
Polyommatus icarus icarus,28,4,3,9,1,14,0
Polyommatus icarus icarus,29,0,9,9,5,47,0
Polyommatus icarus icarus,30,0,6,11,6,26,0
Polyommatus icarus icarus,31,0,7,12,7,135,0
Polyommatus icarus icarus,32,0,3,8,9,74,0
Polyommatus icarus icarus,33,3,12,5,10,75,0
Polyommatus icarus icarus,34,1,1,5,12,47,0
Polyommatus icarus icarus,35,1,2,8,5,18,0
Polyommatus icarus icarus,36,2,0,2,3,16,0
Polyommatus icarus icarus,37,0,0,2,1,27,0
Polyommatus icarus icarus,38,0,0,2,0,24,0
Polyommatus icarus icarus,39,0,2,3,1,17,0
Polyommatus icarus icarus,40,0,0,0,1,4,0
Polyommatus icarus icarus,41,0,0,1,0,3,0
Polyommatus icarus icarus,42,0,0,2,0,1,0
Polyommatus icarus icarus,43,0,1,0,0,0,0
Polyommatus icarus icarus,46,0,0,0,0,1,0
Polyommatus icarus icarus,53,0,0,0,0,1,0
Speyeria aglaja aglaja,22,0,0,0,0,3,0
Speyeria aglaja aglaja,23,0,0,0,0,5,0
Speyeria aglaja aglaja,24,0,0,0,1,6,0
Speyeria aglaja aglaja,25,0,1,0,0,9,0
Speyeria aglaja aglaja,26,0,0,2,2,20,0
Speyeria aglaja aglaja,27,1,0,2,6,9,0
Speyeria aglaja aglaja,28,0,2,3,4,15,0
Speyeria aglaja aglaja,29,0,2,1,4,10,0
Speyeria aglaja aglaja,30,0,0,1,1,9,0
Speyeria aglaja aglaja,31,0,0,0,1,12,0
Speyeria aglaja aglaja,32,0,1,0,1,7,0
Speyeria aglaja aglaja,33,0,0,0,0,3,0
Speyeria aglaja aglaja,34,0,0,0,1,0,0
Speyeria aglaja aglaja,35,0,0,0,0,1,0
Speyeria aglaja aglaja,53,0,0,0,0,1,0
Aricia artaxerxes artaxerxes,19,0,1,0,0,0,0
Aricia artaxerxes artaxerxes,21,0,0,0,0,1,0
Aricia artaxerxes artaxerxes,23,1,0,1,0,2,0
Aricia artaxerxes artaxerxes,24,0,0,3,0,2,0
Aricia artaxerxes artaxerxes,25,0,0,0,0,2,0
Aricia artaxerxes artaxerxes,26,2,0,3,1,2,0
Aricia artaxerxes artaxerxes,27,0,0,0,2,1,0
Aricia artaxerxes artaxerxes,28,0,0,1,1,3,0
Aricia artaxerxes artaxerxes,29,1,0,0,2,0,0
Aricia artaxerxes artaxerxes,30,0,0,2,1,0,0
Aricia artaxerxes artaxerxes,31,0,0,1,0,1,0
Aricia artaxerxes artaxerxes,32,0,0,0,1,1,0
Aricia artaxerxes artaxerxes,37,0,0,0,0,1,0
Plebejus argus cretaceus,23,0,0,1,0,0,0
Plebejus argus cretaceus,24,0,0,9,1,1,0
Plebejus argus cretaceus,25,0,1,2,3,5,0
Plebejus argus cretaceus,26,0,0,2,1,2,0
Plebejus argus cretaceus,27,0,0,2,0,0,0
Plebejus argus cretaceus,28,0,0,3,0,0,0
Plebejus argus cretaceus,29,0,1,1,2,0,0
Plebejus argus cretaceus,31,0,0,1,0,0,0
Plebejus argus cretaceus,33,0,1,0,1,0,0
Plebejus argus argus,22,0,0,0,0,6,0
Plebejus argus argus,23,0,0,4,0,4,0
Plebejus argus argus,24,0,0,7,1,10,0
Plebejus argus argus,25,0,2,9,8,13,0
Plebejus argus argus,26,0,0,25,1,13,0
Plebejus argus argus,27,1,2,7,5,1,0
Plebejus argus argus,28,0,3,4,1,10,0
Plebejus argus argus,29,0,0,4,0,5,0
Plebejus argus argus,30,0,0,0,8,1,0
Plebejus argus argus,31,0,0,0,0,1,0
Plebejus argus argus,32,0,0,0,1,0,0
Plebejus argus argus,33,0,0,0,0,3,0
Pararge aegeria insula,12,1,0,0,0,0,0
Pararge aegeria insula,18,1,1,1,0,0,0
Pararge aegeria insula,25,0,1,0,0,0,0
Pararge aegeria insula,29,0,0,2,0,0,0
Pararge aegeria insula,36,0,1,0,0,0,0
Pararge aegeria insula,39,0,2,0,0,0,0
Erebia aethiops aethiops,28,0,0,1,0,0,0
Erebia aethiops aethiops,29,0,0,1,0,0,0
Erebia aethiops aethiops,30,0,0,6,2,2,0
Erebia aethiops aethiops,31,0,0,3,4,6,0
Erebia aethiops aethiops,32,0,0,1,3,10,0
Erebia aethiops aethiops,33,0,0,0,1,14,0
Erebia aethiops aethiops,34,0,0,0,0,4,0
Erebia aethiops aethiops,35,0,0,1,1,2,0
Erebia aethiops aethiops,36,0,0,0,0,1,0
Erebia aethiops aethiops,49,0,0,1,0,0,0
Lycaena phlaeas eleus,29,0,0,1,0,0,0
Anthocharis cardamines britannica,9,0,0,0,0,0,1
Anthocharis cardamines britannica,12,0,0,0,1,1,0
Anthocharis cardamines britannica,13,0,2,0,8,6,0
Anthocharis cardamines britannica,14,0,13,0,4,17,0
Anthocharis cardamines britannica,15,1,8,2,22,167,0
Anthocharis cardamines britannica,16,1,4,24,47,134,0
Anthocharis cardamines britannica,17,0,7,15,20,179,0
Anthocharis cardamines britannica,18,1,12,34,14,43,0
Anthocharis cardamines britannica,19,4,9,53,10,65,0
Anthocharis cardamines britannica,20,4,10,39,28,21,0
Anthocharis cardamines britannica,21,1,4,22,11,26,0
Anthocharis cardamines britannica,22,1,4,11,2,27,0
Anthocharis cardamines britannica,23,2,0,3,2,4,0
Anthocharis cardamines britannica,24,0,1,2,1,4,0
Anthocharis cardamines britannica,28,0,0,1,0,0,0
Anthocharis cardamines britannica,29,0,0,0,0,1,0
Anthocharis cardamines britannica,31,0,0,0,0,1,0
Anthocharis cardamines britannica,44,0,0,0,1,0,0
Pararge aegeria oblita,16,0,1,0,1,0,0
Pararge aegeria oblita,18,0,1,0,0,0,0
Pararge aegeria oblita,19,0,0,0,0,1,0
Pararge aegeria oblita,21,1,0,0,1,0,0
Pararge aegeria oblita,25,0,1,0,0,0,0
Pararge aegeria oblita,27,0,0,1,0,1,0
Pararge aegeria oblita,28,0,1,0,0,0,0
Pararge aegeria oblita,29,0,1,0,0,0,0
Pararge aegeria oblita,30,0,0,0,1,0,0
Pararge aegeria oblita,31,1,0,0,1,0,0
Pararge aegeria oblita,33,0,1,0,0,0,0
Pararge aegeria oblita,34,0,1,0,0,0,0
Pararge aegeria oblita,36,0,1,1,0,0,0
Pararge aegeria oblita,37,0,0,0,1,0,0
Pararge aegeria oblita,38,1,0,0,0,0,0
Pararge aegeria oblita,43,0,0,0,1,0,0
Coenonympha tullia davus,22,0,0,0,0,1,0
Coenonympha tullia davus,23,0,0,2,1,0,0
Coenonympha tullia davus,25,0,1,2,3,2,0
Coenonympha tullia davus,26,0,0,3,3,3,0
Coenonympha tullia davus,27,0,0,1,1,2,0
Coenonympha tullia davus,28,0,0,3,2,1,0
Coenonympha tullia davus,30,0,0,0,1,0,0
Coenonympha tullia davus,31,0,0,0,1,0,0
Coenonympha tullia davus,32,0,0,0,1,0,0
Aricia artaxerxes salmacis,28,0,0,1,0,0,0
Aricia artaxerxes salmacis,33,0,0,0,0,1,0
Hipparchia semele thyone,28,0,0,1,0,0,0
Pieris napi britannica,15,0,0,0,0,1,0
Pieris napi britannica,28,0,0,1,0,0,0
Pieris napi britannica,30,0,0,1,0,0,0
Plebejus argus caernensis,23,0,0,0,1,0,0
Plebejus argus caernensis,25,0,0,0,1,0,0
Plebejus argus caernensis,28,0,0,1,0,0,0
Maniola jurtina insularis,23,0,0,1,0,0,0
Maniola jurtina insularis,28,0,1,0,0,0,0
Papilio machaon britannicus,21,0,0,0,0,2,0
Papilio machaon britannicus,22,0,2,1,0,0,0
Papilio machaon britannicus,23,6,1,2,1,0,0
Papilio machaon britannicus,24,0,1,0,3,1,0
Papilio machaon britannicus,25,0,0,1,1,1,0
Papilio machaon britannicus,26,1,1,0,0,0,0
Papilio machaon britannicus,27,0,0,1,0,0,0
Papilio machaon britannicus,28,0,1,0,0,0,0
Papilio machaon britannicus,30,0,0,0,1,0,0
Papilio machaon britannicus,31,0,0,0,0,2,0
Papilio machaon britannicus,33,0,1,0,0,0,0
Papilio machaon britannicus,37,0,0,0,0,1,0
Coenonympha tullia scotica,27,0,0,1,0,0,0
Coenonympha tullia scotica,30,0,0,1,0,0,0
Pararge aegeria aegeria,30,0,0,1,0,0,0
Maculinea arion arion,23,0,0,0,2,0,0
Maculinea arion arion,24,0,0,0,0,2,0
Maculinea arion arion,25,0,0,2,0,2,0
Maculinea arion arion,26,0,1,0,1,1,0
Maculinea arion arion,27,0,0,1,1,0,0
Melanargia galathea galathea,27,0,0,0,1,0,0
Coenonympha tullia polydama,24,0,0,0,0,4,0
Coenonympha tullia polydama,25,0,1,1,0,5,0
Coenonympha tullia polydama,26,0,0,0,1,3,0
Coenonympha tullia polydama,27,0,0,0,0,1,0
Hipparchia semele atlantica,34,0,0,0,0,2,0
Pieris napi napi,22,0,0,1,0,0,0
Papilio machaon gorganus,17,0,0,0,0,1,0
Papilio machaon gorganus,23,0,0,0,1,0,0
Papilio machaon gorganus,39,0,0,0,1,0,0
Papilio machaon gorganus,42,0,0,0,1,0,0
Gonepteryx rhamni gravesi,16,0,0,0,3,0,0
Celastrina argiolus argiolus,17,0,0,0,1,0,0
Argynnis adippe subsp. vulgoadippe,17,0,0,0,2,0,0
Argynnis adippe subsp. vulgoadippe,22,0,0,0,0,1,0
Argynnis adippe subsp. vulgoadippe,24,0,0,0,0,1,0
Argynnis adippe subsp. vulgoadippe,27,0,0,1,0,1,0
Argynnis adippe subsp. vulgoadippe,28,0,2,1,0,0,0
Argynnis adippe subsp. vulgoadippe,29,0,0,1,0,0,0
Argynnis adippe subsp. vulgoadippe,30,0,2,0,0,0,0
Leptidea sinapis subsp. sinapis,22,0,0,3,0,0,0
Leptidea sinapis subsp. sinapis,23,0,0,1,0,0,0
Leptidea sinapis subsp. sinapis,32,0,0,1,0,0,0
Colias croceus form helice,36,1,0,0,0,0,0
Colias croceus form helice,39,0,0,1,0,0,0
Colias croceus form helice,42,0,1,0,0,0,0
