taxon,year,dr736,dr695
Tytthaspis sedecimpunctata,1977,1,1
Tytthaspis sedecimpunctata,1981,1,2
Tytthaspis sedecimpunctata,1983,1,12
Tytthaspis sedecimpunctata,1984,1,28
Tytthaspis sedecimpunctata,1985,3,32
Tytthaspis sedecimpunctata,1988,1,18
Tytthaspis sedecimpunctata,1990,5,31
Tytthaspis sedecimpunctata,1993,1,11
Tytthaspis sedecimpunctata,1995,6,64
Tytthaspis sedecimpunctata,1996,4,103
Tytthaspis sedecimpunctata,1997,13,80
Tytthaspis sedecimpunctata,1998,4,89
Tytthaspis sedecimpunctata,2000,3,111
Tytthaspis sedecimpunctata,2001,1,120
Tytthaspis sedecimpunctata,2002,1,200
Tytthaspis sedecimpunctata,2003,4,112
Tytthaspis sedecimpunctata,2004,5,215
Tytthaspis sedecimpunctata,2005,3,231
Tytthaspis sedecimpunctata,2006,1,328
Tytthaspis sedecimpunctata,2007,7,246
Tytthaspis sedecimpunctata,2009,4,106
Tytthaspis sedecimpunctata,2010,4,42
Tytthaspis sedecimpunctata,2011,21,0
Tytthaspis sedecimpunctata,2012,6,0
Tytthaspis sedecimpunctata,2013,9,0
Tytthaspis sedecimpunctata,2014,49,0
Tytthaspis sedecimpunctata,2015,81,0
Tytthaspis sedecimpunctata,2016,139,0
Tytthaspis sedecimpunctata,2017,135,0
Tytthaspis sedecimpunctata,2018,192,0
Tytthaspis sedecimpunctata,2019,325,0
Tytthaspis sedecimpunctata,2020,235,0
Tytthaspis sedecimpunctata,1832,0,1
Tytthaspis sedecimpunctata,1877,0,1
Tytthaspis sedecimpunctata,1892,0,1
Tytthaspis sedecimpunctata,1904,0,2
Tytthaspis sedecimpunctata,1916,0,1
Tytthaspis sedecimpunctata,1920,0,3
Tytthaspis sedecimpunctata,1922,0,3
Tytthaspis sedecimpunctata,1923,0,1
Tytthaspis sedecimpunctata,1928,0,1
Tytthaspis sedecimpunctata,1930,0,1
Tytthaspis sedecimpunctata,1938,0,1
Tytthaspis sedecimpunctata,1940,0,1
Tytthaspis sedecimpunctata,1951,0,1
Tytthaspis sedecimpunctata,1955,0,1
Tytthaspis sedecimpunctata,1956,0,3
Tytthaspis sedecimpunctata,1960,0,7
Tytthaspis sedecimpunctata,1961,0,3
Tytthaspis sedecimpunctata,1963,0,1
Tytthaspis sedecimpunctata,1965,0,3
Tytthaspis sedecimpunctata,1968,0,2
Tytthaspis sedecimpunctata,1970,0,2
Tytthaspis sedecimpunctata,1971,0,2
Tytthaspis sedecimpunctata,1972,0,3
Tytthaspis sedecimpunctata,1973,0,1
Tytthaspis sedecimpunctata,1975,0,2
Tytthaspis sedecimpunctata,1976,0,6
Tytthaspis sedecimpunctata,1978,0,5
Tytthaspis sedecimpunctata,1979,0,3
Tytthaspis sedecimpunctata,1980,0,4
Tytthaspis sedecimpunctata,1982,0,4
Tytthaspis sedecimpunctata,1986,0,24
Tytthaspis sedecimpunctata,1987,0,30
Tytthaspis sedecimpunctata,1989,0,15
Tytthaspis sedecimpunctata,1991,0,30
Tytthaspis sedecimpunctata,1992,0,18
Tytthaspis sedecimpunctata,1994,0,13
Tytthaspis sedecimpunctata,1999,0,79
Tytthaspis sedecimpunctata,2008,0,65
Rhyzobius litura,1977,1,22
Rhyzobius litura,1978,1,25
Rhyzobius litura,1979,1,12
Rhyzobius litura,1981,4,6
Rhyzobius litura,1982,2,25
Rhyzobius litura,1983,1,41
Rhyzobius litura,1984,3,39
Rhyzobius litura,1985,8,51
Rhyzobius litura,1986,2,40
Rhyzobius litura,1987,1,39
Rhyzobius litura,1988,1,36
Rhyzobius litura,1989,1,50
Rhyzobius litura,1990,4,26
Rhyzobius litura,1991,4,64
Rhyzobius litura,1993,1,43
Rhyzobius litura,1994,1,42
Rhyzobius litura,1995,1,41
Rhyzobius litura,1996,3,53
Rhyzobius litura,1997,1,57
Rhyzobius litura,1998,3,52
Rhyzobius litura,1999,4,75
Rhyzobius litura,2000,2,113
Rhyzobius litura,2001,4,79
Rhyzobius litura,2002,9,149
Rhyzobius litura,2003,4,86
Rhyzobius litura,2004,4,86
Rhyzobius litura,2005,8,96
Rhyzobius litura,2006,9,114
Rhyzobius litura,2007,6,102
Rhyzobius litura,2008,1,76
Rhyzobius litura,2009,5,171
Rhyzobius litura,2010,9,24
Rhyzobius litura,2011,23,0
Rhyzobius litura,2012,9,0
Rhyzobius litura,2013,17,0
Rhyzobius litura,2014,27,0
Rhyzobius litura,2015,28,0
Rhyzobius litura,2016,65,0
Rhyzobius litura,2017,36,0
Rhyzobius litura,2018,60,0
Rhyzobius litura,2019,84,0
Rhyzobius litura,2020,67,0
Rhyzobius litura,1600,0,1
Rhyzobius litura,1890,0,2
Rhyzobius litura,1891,0,1
Rhyzobius litura,1892,0,1
Rhyzobius litura,1894,0,1
Rhyzobius litura,1895,0,1
Rhyzobius litura,1898,0,1
Rhyzobius litura,1900,0,1
Rhyzobius litura,1902,0,1
Rhyzobius litura,1903,0,3
Rhyzobius litura,1905,0,1
Rhyzobius litura,1906,0,2
Rhyzobius litura,1907,0,1
Rhyzobius litura,1909,0,1
Rhyzobius litura,1914,0,2
Rhyzobius litura,1920,0,1
Rhyzobius litura,1921,0,1
Rhyzobius litura,1922,0,2
Rhyzobius litura,1926,0,1
Rhyzobius litura,1927,0,4
Rhyzobius litura,1928,0,2
Rhyzobius litura,1929,0,1
Rhyzobius litura,1935,0,2
Rhyzobius litura,1937,0,1
Rhyzobius litura,1938,0,1
Rhyzobius litura,1940,0,2
Rhyzobius litura,1946,0,2
Rhyzobius litura,1947,0,1
Rhyzobius litura,1948,0,1
Rhyzobius litura,1951,0,1
Rhyzobius litura,1953,0,1
Rhyzobius litura,1955,0,2
Rhyzobius litura,1957,0,1
Rhyzobius litura,1961,0,3
Rhyzobius litura,1962,0,2
Rhyzobius litura,1963,0,2
Rhyzobius litura,1964,0,2
Rhyzobius litura,1965,0,2
Rhyzobius litura,1966,0,1
Rhyzobius litura,1968,0,3
Rhyzobius litura,1969,0,4
Rhyzobius litura,1970,0,4
Rhyzobius litura,1971,0,6
Rhyzobius litura,1972,0,9
Rhyzobius litura,1973,0,13
Rhyzobius litura,1974,0,4
Rhyzobius litura,1975,0,6
Rhyzobius litura,1976,0,15
Rhyzobius litura,1980,0,30
Rhyzobius litura,1992,0,51
Propylea quattuordecimpunctata,1971,4,9
Propylea quattuordecimpunctata,1972,7,7
Propylea quattuordecimpunctata,1976,7,46
Propylea quattuordecimpunctata,1977,4,86
Propylea quattuordecimpunctata,1978,29,130
Propylea quattuordecimpunctata,1979,6,53
Propylea quattuordecimpunctata,1980,2,100
Propylea quattuordecimpunctata,1981,4,65
Propylea quattuordecimpunctata,1982,3,95
Propylea quattuordecimpunctata,1983,2,110
Propylea quattuordecimpunctata,1984,10,125
Propylea quattuordecimpunctata,1985,14,144
Propylea quattuordecimpunctata,1986,1,112
Propylea quattuordecimpunctata,1987,2,73
Propylea quattuordecimpunctata,1988,2,122
Propylea quattuordecimpunctata,1989,2,169
Propylea quattuordecimpunctata,1990,13,200
Propylea quattuordecimpunctata,1992,3,250
Propylea quattuordecimpunctata,1993,15,234
Propylea quattuordecimpunctata,1994,30,319
Propylea quattuordecimpunctata,1995,44,344
Propylea quattuordecimpunctata,1996,43,348
Propylea quattuordecimpunctata,1997,37,304
Propylea quattuordecimpunctata,1998,16,239
Propylea quattuordecimpunctata,1999,3,303
Propylea quattuordecimpunctata,2000,19,428
Propylea quattuordecimpunctata,2002,3,546
Propylea quattuordecimpunctata,2003,16,310
Propylea quattuordecimpunctata,2004,9,506
Propylea quattuordecimpunctata,2005,26,871
Propylea quattuordecimpunctata,2006,7,792
Propylea quattuordecimpunctata,2007,18,578
Propylea quattuordecimpunctata,2008,6,191
Propylea quattuordecimpunctata,2009,18,347
Propylea quattuordecimpunctata,2010,71,261
Propylea quattuordecimpunctata,2011,111,8
Propylea quattuordecimpunctata,2012,60,0
Propylea quattuordecimpunctata,2013,325,0
Propylea quattuordecimpunctata,2014,512,0
Propylea quattuordecimpunctata,2015,450,0
Propylea quattuordecimpunctata,2016,429,0
Propylea quattuordecimpunctata,2017,345,0
Propylea quattuordecimpunctata,2018,396,0
Propylea quattuordecimpunctata,2019,918,0
Propylea quattuordecimpunctata,2020,924,0
Propylea quattuordecimpunctata,1600,0,1
Propylea quattuordecimpunctata,1879,0,1
Propylea quattuordecimpunctata,1884,0,1
Propylea quattuordecimpunctata,1891,0,1
Propylea quattuordecimpunctata,1892,0,1
Propylea quattuordecimpunctata,1894,0,1
Propylea quattuordecimpunctata,1895,0,2
Propylea quattuordecimpunctata,1897,0,1
Propylea quattuordecimpunctata,1898,0,1
Propylea quattuordecimpunctata,1900,0,2
Propylea quattuordecimpunctata,1902,0,3
Propylea quattuordecimpunctata,1904,0,1
Propylea quattuordecimpunctata,1905,0,1
Propylea quattuordecimpunctata,1906,0,1
Propylea quattuordecimpunctata,1920,0,1
Propylea quattuordecimpunctata,1922,0,2
Propylea quattuordecimpunctata,1925,0,2
Propylea quattuordecimpunctata,1929,0,1
Propylea quattuordecimpunctata,1934,0,2
Propylea quattuordecimpunctata,1938,0,1
Propylea quattuordecimpunctata,1940,0,2
Propylea quattuordecimpunctata,1941,0,4
Propylea quattuordecimpunctata,1942,0,3
Propylea quattuordecimpunctata,1943,0,2
Propylea quattuordecimpunctata,1944,0,1
Propylea quattuordecimpunctata,1945,0,2
Propylea quattuordecimpunctata,1946,0,4
Propylea quattuordecimpunctata,1948,0,1
Propylea quattuordecimpunctata,1949,0,1
Propylea quattuordecimpunctata,1950,0,4
Propylea quattuordecimpunctata,1951,0,2
Propylea quattuordecimpunctata,1954,0,1
Propylea quattuordecimpunctata,1955,0,1
Propylea quattuordecimpunctata,1956,0,5
Propylea quattuordecimpunctata,1957,0,2
Propylea quattuordecimpunctata,1958,0,1
Propylea quattuordecimpunctata,1959,0,1
Propylea quattuordecimpunctata,1960,0,9
Propylea quattuordecimpunctata,1961,0,2
Propylea quattuordecimpunctata,1963,0,1
Propylea quattuordecimpunctata,1964,0,2
Propylea quattuordecimpunctata,1965,0,3
Propylea quattuordecimpunctata,1966,0,5
Propylea quattuordecimpunctata,1967,0,2
Propylea quattuordecimpunctata,1968,0,6
Propylea quattuordecimpunctata,1969,0,3
Propylea quattuordecimpunctata,1970,0,2
Propylea quattuordecimpunctata,1973,0,13
Propylea quattuordecimpunctata,1974,0,6
Propylea quattuordecimpunctata,1975,0,18
Propylea quattuordecimpunctata,1991,0,188
Propylea quattuordecimpunctata,2001,0,344
Coccidula rufa,1978,1,33
Coccidula rufa,1979,1,15
Coccidula rufa,1982,1,41
Coccidula rufa,1984,4,55
Coccidula rufa,1985,2,51
Coccidula rufa,1986,1,38
Coccidula rufa,1987,1,49
Coccidula rufa,1988,2,64
Coccidula rufa,1990,1,43
Coccidula rufa,1995,1,47
Coccidula rufa,1999,3,112
Coccidula rufa,2000,2,145
Coccidula rufa,2001,2,50
Coccidula rufa,2002,4,103
Coccidula rufa,2003,4,104
Coccidula rufa,2004,2,83
Coccidula rufa,2005,3,89
Coccidula rufa,2006,1,111
Coccidula rufa,2007,3,46
Coccidula rufa,2008,3,38
Coccidula rufa,2009,3,87
Coccidula rufa,2010,3,26
Coccidula rufa,2011,14,0
Coccidula rufa,2012,7,0
Coccidula rufa,2013,3,0
Coccidula rufa,2014,5,0
Coccidula rufa,2015,19,0
Coccidula rufa,2016,29,0
Coccidula rufa,2017,15,0
Coccidula rufa,2018,29,0
Coccidula rufa,2019,48,0
Coccidula rufa,2020,25,0
Coccidula rufa,1848,0,2
Coccidula rufa,1880,0,1
Coccidula rufa,1888,0,1
Coccidula rufa,1892,0,1
Coccidula rufa,1898,0,1
Coccidula rufa,1900,0,4
Coccidula rufa,1901,0,6
Coccidula rufa,1902,0,2
Coccidula rufa,1905,0,1
Coccidula rufa,1906,0,2
Coccidula rufa,1907,0,1
Coccidula rufa,1910,0,2
Coccidula rufa,1911,0,4
Coccidula rufa,1912,0,1
Coccidula rufa,1915,0,1
Coccidula rufa,1920,0,3
Coccidula rufa,1921,0,1
Coccidula rufa,1922,0,3
Coccidula rufa,1925,0,4
Coccidula rufa,1926,0,3
Coccidula rufa,1927,0,2
Coccidula rufa,1935,0,1
Coccidula rufa,1937,0,1
Coccidula rufa,1938,0,1
Coccidula rufa,1939,0,1
Coccidula rufa,1940,0,3
Coccidula rufa,1943,0,2
Coccidula rufa,1946,0,2
Coccidula rufa,1951,0,2
Coccidula rufa,1956,0,3
Coccidula rufa,1957,0,2
Coccidula rufa,1959,0,2
Coccidula rufa,1960,0,3
Coccidula rufa,1961,0,1
Coccidula rufa,1963,0,7
Coccidula rufa,1964,0,1
Coccidula rufa,1965,0,3
Coccidula rufa,1967,0,2
Coccidula rufa,1968,0,3
Coccidula rufa,1969,0,3
Coccidula rufa,1970,0,5
Coccidula rufa,1971,0,2
Coccidula rufa,1972,0,3
Coccidula rufa,1973,0,10
Coccidula rufa,1974,0,5
Coccidula rufa,1975,0,7
Coccidula rufa,1976,0,15
Coccidula rufa,1977,0,22
Coccidula rufa,1980,0,38
Coccidula rufa,1981,0,22
Coccidula rufa,1983,0,73
Coccidula rufa,1989,0,54
Coccidula rufa,1991,0,154
Coccidula rufa,1992,0,122
Coccidula rufa,1993,0,64
Coccidula rufa,1994,0,63
Coccidula rufa,1996,0,49
Coccidula rufa,1997,0,70
Coccidula rufa,1998,0,58
Coccinella septempunctata,1972,2,55
Coccinella septempunctata,1974,1,22
Coccinella septempunctata,1975,1,61
Coccinella septempunctata,1976,10,98
Coccinella septempunctata,1977,28,202
Coccinella septempunctata,1978,39,112
Coccinella septempunctata,1979,10,82
Coccinella septempunctata,1980,10,131
Coccinella septempunctata,1981,8,77
Coccinella septempunctata,1982,9,107
Coccinella septempunctata,1983,6,167
Coccinella septempunctata,1984,17,259
Coccinella septempunctata,1985,17,248
Coccinella septempunctata,1986,1,115
Coccinella septempunctata,1987,1,120
Coccinella septempunctata,1988,4,341
Coccinella septempunctata,1989,5,919
Coccinella septempunctata,1990,46,619
Coccinella septempunctata,1991,6,489
Coccinella septempunctata,1992,14,612
Coccinella septempunctata,1993,15,565
Coccinella septempunctata,1994,60,552
Coccinella septempunctata,1995,114,804
Coccinella septempunctata,1996,39,686
Coccinella septempunctata,1997,43,581
Coccinella septempunctata,1998,5,462
Coccinella septempunctata,1999,11,537
Coccinella septempunctata,2000,11,714
Coccinella septempunctata,2001,14,1194
Coccinella septempunctata,2002,25,1726
Coccinella septempunctata,2003,27,864
Coccinella septempunctata,2004,48,1518
Coccinella septempunctata,2005,101,2683
Coccinella septempunctata,2006,62,2255
Coccinella septempunctata,2007,79,2024
Coccinella septempunctata,2008,37,727
Coccinella septempunctata,2009,87,1699
Coccinella septempunctata,2010,335,1198
Coccinella septempunctata,2011,505,13
Coccinella septempunctata,2012,255,0
Coccinella septempunctata,2013,1892,0
Coccinella septempunctata,2014,2838,0
Coccinella septempunctata,2015,2686,0
Coccinella septempunctata,2016,2280,0
Coccinella septempunctata,2017,1998,0
Coccinella septempunctata,2018,3005,0
Coccinella septempunctata,2019,4433,0
Coccinella septempunctata,2020,3695,0
Coccinella septempunctata,1600,0,2
Coccinella septempunctata,1834,0,2
Coccinella septempunctata,1848,0,2
Coccinella septempunctata,1880,0,1
Coccinella septempunctata,1888,0,1
Coccinella septempunctata,1891,0,2
Coccinella septempunctata,1892,0,1
Coccinella septempunctata,1893,0,1
Coccinella septempunctata,1894,0,1
Coccinella septempunctata,1895,0,1
Coccinella septempunctata,1897,0,4
Coccinella septempunctata,1898,0,1
Coccinella septempunctata,1899,0,1
Coccinella septempunctata,1900,0,2
Coccinella septempunctata,1901,0,1
Coccinella septempunctata,1902,0,2
Coccinella septempunctata,1904,0,1
Coccinella septempunctata,1905,0,10
Coccinella septempunctata,1906,0,3
Coccinella septempunctata,1907,0,2
Coccinella septempunctata,1908,0,1
Coccinella septempunctata,1909,0,1
Coccinella septempunctata,1914,0,2
Coccinella septempunctata,1917,0,2
Coccinella septempunctata,1920,0,2
Coccinella septempunctata,1922,0,3
Coccinella septempunctata,1923,0,1
Coccinella septempunctata,1924,0,4
Coccinella septempunctata,1925,0,2
Coccinella septempunctata,1929,0,2
Coccinella septempunctata,1930,0,2
Coccinella septempunctata,1931,0,7
Coccinella septempunctata,1933,0,2
Coccinella septempunctata,1934,0,2
Coccinella septempunctata,1938,0,4
Coccinella septempunctata,1939,0,1
Coccinella septempunctata,1940,0,4
Coccinella septempunctata,1942,0,1
Coccinella septempunctata,1943,0,5
Coccinella septempunctata,1944,0,3
Coccinella septempunctata,1945,0,2
Coccinella septempunctata,1946,0,4
Coccinella septempunctata,1950,0,1
Coccinella septempunctata,1951,0,3
Coccinella septempunctata,1952,0,3
Coccinella septempunctata,1954,0,1
Coccinella septempunctata,1955,0,1
Coccinella septempunctata,1956,0,10
Coccinella septempunctata,1957,0,1
Coccinella septempunctata,1958,0,3
Coccinella septempunctata,1959,0,5
Coccinella septempunctata,1960,0,4
Coccinella septempunctata,1961,0,8
Coccinella septempunctata,1962,0,3
Coccinella septempunctata,1963,0,2
Coccinella septempunctata,1964,0,3
Coccinella septempunctata,1965,0,7
Coccinella septempunctata,1966,0,4
Coccinella septempunctata,1967,0,3
Coccinella septempunctata,1968,0,5
Coccinella septempunctata,1969,0,5
Coccinella septempunctata,1970,0,15
Coccinella septempunctata,1971,0,18
Coccinella septempunctata,1973,0,37
Anisosticta novemdecimpunctata,1981,2,16
Anisosticta novemdecimpunctata,1984,1,34
Anisosticta novemdecimpunctata,1985,1,23
Anisosticta novemdecimpunctata,1991,1,68
Anisosticta novemdecimpunctata,1997,1,67
Anisosticta novemdecimpunctata,1999,2,69
Anisosticta novemdecimpunctata,2004,1,60
Anisosticta novemdecimpunctata,2005,2,62
Anisosticta novemdecimpunctata,2007,1,26
Anisosticta novemdecimpunctata,2009,3,60
Anisosticta novemdecimpunctata,2010,2,18
Anisosticta novemdecimpunctata,2011,10,0
Anisosticta novemdecimpunctata,2012,6,0
Anisosticta novemdecimpunctata,2013,8,0
Anisosticta novemdecimpunctata,2014,30,0
Anisosticta novemdecimpunctata,2015,25,0
Anisosticta novemdecimpunctata,2016,39,0
Anisosticta novemdecimpunctata,2017,42,0
Anisosticta novemdecimpunctata,2018,38,0
Anisosticta novemdecimpunctata,2019,66,0
Anisosticta novemdecimpunctata,2020,38,0
Anisosticta novemdecimpunctata,1830,0,1
Anisosticta novemdecimpunctata,1855,0,2
Anisosticta novemdecimpunctata,1892,0,1
Anisosticta novemdecimpunctata,1898,0,1
Anisosticta novemdecimpunctata,1899,0,3
Anisosticta novemdecimpunctata,1900,0,1
Anisosticta novemdecimpunctata,1901,0,3
Anisosticta novemdecimpunctata,1912,0,1
Anisosticta novemdecimpunctata,1918,0,1
Anisosticta novemdecimpunctata,1920,0,5
Anisosticta novemdecimpunctata,1925,0,4
Anisosticta novemdecimpunctata,1934,0,1
Anisosticta novemdecimpunctata,1937,0,1
Anisosticta novemdecimpunctata,1938,0,3
Anisosticta novemdecimpunctata,1940,0,1
Anisosticta novemdecimpunctata,1942,0,2
Anisosticta novemdecimpunctata,1943,0,4
Anisosticta novemdecimpunctata,1949,0,1
Anisosticta novemdecimpunctata,1950,0,1
Anisosticta novemdecimpunctata,1955,0,2
Anisosticta novemdecimpunctata,1957,0,3
Anisosticta novemdecimpunctata,1958,0,2
Anisosticta novemdecimpunctata,1959,0,1
Anisosticta novemdecimpunctata,1960,0,6
Anisosticta novemdecimpunctata,1962,0,3
Anisosticta novemdecimpunctata,1963,0,2
Anisosticta novemdecimpunctata,1964,0,2
Anisosticta novemdecimpunctata,1965,0,3
Anisosticta novemdecimpunctata,1967,0,1
Anisosticta novemdecimpunctata,1968,0,1
Anisosticta novemdecimpunctata,1969,0,6
Anisosticta novemdecimpunctata,1970,0,4
Anisosticta novemdecimpunctata,1971,0,5
Anisosticta novemdecimpunctata,1972,0,3
Anisosticta novemdecimpunctata,1973,0,4
Anisosticta novemdecimpunctata,1974,0,1
Anisosticta novemdecimpunctata,1975,0,7
Anisosticta novemdecimpunctata,1976,0,9
Anisosticta novemdecimpunctata,1977,0,8
Anisosticta novemdecimpunctata,1978,0,17
Anisosticta novemdecimpunctata,1979,0,5
Anisosticta novemdecimpunctata,1980,0,12
Anisosticta novemdecimpunctata,1982,0,20
Anisosticta novemdecimpunctata,1983,0,37
Anisosticta novemdecimpunctata,1986,0,19
Anisosticta novemdecimpunctata,1987,0,18
Anisosticta novemdecimpunctata,1988,0,28
Anisosticta novemdecimpunctata,1989,0,14
Anisosticta novemdecimpunctata,1990,0,20
Anisosticta novemdecimpunctata,1992,0,60
Anisosticta novemdecimpunctata,1993,0,71
Anisosticta novemdecimpunctata,1994,0,38
Anisosticta novemdecimpunctata,1995,0,47
Anisosticta novemdecimpunctata,1996,0,47
Anisosticta novemdecimpunctata,1998,0,47
Anisosticta novemdecimpunctata,2000,0,85
Anisosticta novemdecimpunctata,2001,0,81
Anisosticta novemdecimpunctata,2002,0,80
Anisosticta novemdecimpunctata,2003,0,129
Anisosticta novemdecimpunctata,2006,0,74
Anisosticta novemdecimpunctata,2008,0,15
Harmonia axyridis,2002,1,0
Harmonia axyridis,2003,1,3
Harmonia axyridis,2004,1,211
Harmonia axyridis,2005,5,2141
Harmonia axyridis,2006,11,5071
Harmonia axyridis,2007,64,8916
Harmonia axyridis,2008,60,4102
Harmonia axyridis,2009,100,3167
Harmonia axyridis,2010,316,1716
Harmonia axyridis,2011,330,40
Harmonia axyridis,2012,139,0
Harmonia axyridis,2013,3530,0
Harmonia axyridis,2014,5901,0
Harmonia axyridis,2015,4452,0
Harmonia axyridis,2016,4069,0
Harmonia axyridis,2017,3945,0
Harmonia axyridis,2018,2589,0
Harmonia axyridis,2019,2351,0
Harmonia axyridis,2020,1475,0
Coccinella undecimpunctata,1976,1,65
Coccinella undecimpunctata,1977,4,58
Coccinella undecimpunctata,1979,2,26
Coccinella undecimpunctata,1981,1,9
Coccinella undecimpunctata,1988,1,35
Coccinella undecimpunctata,1990,6,59
Coccinella undecimpunctata,1992,2,43
Coccinella undecimpunctata,1993,2,34
Coccinella undecimpunctata,1994,5,34
Coccinella undecimpunctata,1995,19,84
Coccinella undecimpunctata,1996,4,64
Coccinella undecimpunctata,1998,2,26
Coccinella undecimpunctata,1999,6,35
Coccinella undecimpunctata,2002,1,109
Coccinella undecimpunctata,2003,3,32
Coccinella undecimpunctata,2005,4,44
Coccinella undecimpunctata,2008,2,14
Coccinella undecimpunctata,2009,2,83
Coccinella undecimpunctata,2010,14,43
Coccinella undecimpunctata,2011,10,0
Coccinella undecimpunctata,2012,4,0
Coccinella undecimpunctata,2013,33,0
Coccinella undecimpunctata,2014,58,0
Coccinella undecimpunctata,2015,60,0
Coccinella undecimpunctata,2016,51,0
Coccinella undecimpunctata,2017,50,0
Coccinella undecimpunctata,2018,76,0
Coccinella undecimpunctata,2019,85,0
Coccinella undecimpunctata,2020,42,0
Coccinella undecimpunctata,1600,0,1
Coccinella undecimpunctata,1836,0,1
Coccinella undecimpunctata,1878,0,2
Coccinella undecimpunctata,1884,0,1
Coccinella undecimpunctata,1885,0,1
Coccinella undecimpunctata,1891,0,1
Coccinella undecimpunctata,1892,0,1
Coccinella undecimpunctata,1893,0,4
Coccinella undecimpunctata,1894,0,2
Coccinella undecimpunctata,1895,0,1
Coccinella undecimpunctata,1897,0,6
Coccinella undecimpunctata,1898,0,1
Coccinella undecimpunctata,1900,0,3
Coccinella undecimpunctata,1901,0,1
Coccinella undecimpunctata,1902,0,1
Coccinella undecimpunctata,1904,0,2
Coccinella undecimpunctata,1905,0,1
Coccinella undecimpunctata,1906,0,1
Coccinella undecimpunctata,1907,0,1
Coccinella undecimpunctata,1908,0,2
Coccinella undecimpunctata,1909,0,1
Coccinella undecimpunctata,1910,0,1
Coccinella undecimpunctata,1911,0,4
Coccinella undecimpunctata,1913,0,1
Coccinella undecimpunctata,1916,0,2
Coccinella undecimpunctata,1919,0,2
Coccinella undecimpunctata,1920,0,5
Coccinella undecimpunctata,1921,0,1
Coccinella undecimpunctata,1924,0,1
Coccinella undecimpunctata,1925,0,4
Coccinella undecimpunctata,1926,0,2
Coccinella undecimpunctata,1930,0,3
Coccinella undecimpunctata,1931,0,2
Coccinella undecimpunctata,1934,0,3
Coccinella undecimpunctata,1935,0,2
Coccinella undecimpunctata,1937,0,2
Coccinella undecimpunctata,1938,0,3
Coccinella undecimpunctata,1939,0,1
Coccinella undecimpunctata,1940,0,3
Coccinella undecimpunctata,1942,0,1
Coccinella undecimpunctata,1943,0,3
Coccinella undecimpunctata,1945,0,1
Coccinella undecimpunctata,1949,0,1
Coccinella undecimpunctata,1950,0,3
Coccinella undecimpunctata,1953,0,3
Coccinella undecimpunctata,1954,0,2
Coccinella undecimpunctata,1955,0,4
Coccinella undecimpunctata,1956,0,6
Coccinella undecimpunctata,1958,0,3
Coccinella undecimpunctata,1959,0,2
Coccinella undecimpunctata,1960,0,3
Coccinella undecimpunctata,1961,0,4
Coccinella undecimpunctata,1962,0,2
Coccinella undecimpunctata,1964,0,3
Coccinella undecimpunctata,1968,0,6
Coccinella undecimpunctata,1969,0,7
Coccinella undecimpunctata,1970,0,11
Coccinella undecimpunctata,1971,0,9
Coccinella undecimpunctata,1972,0,2
Coccinella undecimpunctata,1973,0,8
Coccinella undecimpunctata,1974,0,3
Coccinella undecimpunctata,1975,0,19
Coccinella undecimpunctata,1978,0,39
Coccinella undecimpunctata,1980,0,17
Coccinella undecimpunctata,1982,0,24
Coccinella undecimpunctata,1983,0,47
Coccinella undecimpunctata,1984,0,43
Coccinella undecimpunctata,1985,0,28
Coccinella undecimpunctata,1986,0,11
Coccinella undecimpunctata,1987,0,18
Coccinella undecimpunctata,1989,0,95
Coccinella undecimpunctata,1991,0,34
Coccinella undecimpunctata,1997,0,36
Coccinella undecimpunctata,2000,0,37
Coccinella undecimpunctata,2001,0,58
Coccinella undecimpunctata,2004,0,36
Coccinella undecimpunctata,2006,0,27
Coccinella undecimpunctata,2007,0,24
Adalia bipunctata,1976,3,42
Adalia bipunctata,1977,6,73
Adalia bipunctata,1978,31,111
Adalia bipunctata,1979,3,40
Adalia bipunctata,1980,1,88
Adalia bipunctata,1981,2,51
Adalia bipunctata,1982,1,95
Adalia bipunctata,1984,5,108
Adalia bipunctata,1985,4,115
Adalia bipunctata,1987,4,99
Adalia bipunctata,1988,1,91
Adalia bipunctata,1989,1,252
Adalia bipunctata,1990,2,140
Adalia bipunctata,1991,1,209
Adalia bipunctata,1992,2,194
Adalia bipunctata,1993,13,238
Adalia bipunctata,1994,20,232
Adalia bipunctata,1995,35,273
Adalia bipunctata,1996,26,254
Adalia bipunctata,1997,23,200
Adalia bipunctata,1998,14,132
Adalia bipunctata,1999,16,406
Adalia bipunctata,2000,18,500
Adalia bipunctata,2001,2,1437
Adalia bipunctata,2002,8,1166
Adalia bipunctata,2003,31,1135
Adalia bipunctata,2004,23,1272
Adalia bipunctata,2005,23,2076
Adalia bipunctata,2006,24,1394
Adalia bipunctata,2007,22,1185
Adalia bipunctata,2008,16,438
Adalia bipunctata,2009,18,508
Adalia bipunctata,2010,191,445
Adalia bipunctata,2011,88,6
Adalia bipunctata,2012,31,0
Adalia bipunctata,2013,465,0
Adalia bipunctata,2014,737,0
Adalia bipunctata,2015,408,0
Adalia bipunctata,2016,479,0
Adalia bipunctata,2017,292,0
Adalia bipunctata,2018,236,0
Adalia bipunctata,2019,349,0
Adalia bipunctata,2020,488,0
Adalia bipunctata,1600,0,1
Adalia bipunctata,1848,0,2
Adalia bipunctata,1892,0,1
Adalia bipunctata,1893,0,1
Adalia bipunctata,1900,0,1
Adalia bipunctata,1902,0,2
Adalia bipunctata,1903,0,1
Adalia bipunctata,1905,0,7
Adalia bipunctata,1906,0,1
Adalia bipunctata,1907,0,3
Adalia bipunctata,1910,0,1
Adalia bipunctata,1912,0,1
Adalia bipunctata,1916,0,1
Adalia bipunctata,1919,0,1
Adalia bipunctata,1920,0,2
Adalia bipunctata,1922,0,3
Adalia bipunctata,1923,0,2
Adalia bipunctata,1924,0,2
Adalia bipunctata,1925,0,2
Adalia bipunctata,1928,0,1
Adalia bipunctata,1929,0,1
Adalia bipunctata,1931,0,1
Adalia bipunctata,1932,0,1
Adalia bipunctata,1937,0,2
Adalia bipunctata,1938,0,2
Adalia bipunctata,1940,0,1
Adalia bipunctata,1941,0,1
Adalia bipunctata,1942,0,2
Adalia bipunctata,1943,0,3
Adalia bipunctata,1944,0,1
Adalia bipunctata,1945,0,2
Adalia bipunctata,1946,0,1
Adalia bipunctata,1947,0,1
Adalia bipunctata,1949,0,2
Adalia bipunctata,1950,0,1
Adalia bipunctata,1952,0,3
Adalia bipunctata,1954,0,1
Adalia bipunctata,1956,0,13
Adalia bipunctata,1957,0,2
Adalia bipunctata,1958,0,1
Adalia bipunctata,1959,0,1
Adalia bipunctata,1960,0,4
Adalia bipunctata,1963,0,1
Adalia bipunctata,1964,0,3
Adalia bipunctata,1965,0,3
Adalia bipunctata,1966,0,4
Adalia bipunctata,1967,0,1
Adalia bipunctata,1968,0,9
Adalia bipunctata,1969,0,1
Adalia bipunctata,1970,0,5
Adalia bipunctata,1971,0,10
Adalia bipunctata,1972,0,9
Adalia bipunctata,1973,0,21
Adalia bipunctata,1974,0,15
Adalia bipunctata,1975,0,49
Adalia bipunctata,1983,0,80
Adalia bipunctata,1986,0,62
Adalia decempunctata,1971,1,23
Adalia decempunctata,1972,1,13
Adalia decempunctata,1976,4,42
Adalia decempunctata,1977,9,86
Adalia decempunctata,1978,6,63
Adalia decempunctata,1980,1,68
Adalia decempunctata,1981,3,29
Adalia decempunctata,1982,2,23
Adalia decempunctata,1983,2,59
Adalia decempunctata,1984,2,77
Adalia decempunctata,1985,4,45
Adalia decempunctata,1986,1,54
Adalia decempunctata,1987,2,46
Adalia decempunctata,1988,1,72
Adalia decempunctata,1990,5,147
Adalia decempunctata,1991,3,177
Adalia decempunctata,1992,1,119
Adalia decempunctata,1993,12,132
Adalia decempunctata,1994,9,104
Adalia decempunctata,1995,7,144
Adalia decempunctata,1996,15,166
Adalia decempunctata,1997,8,86
Adalia decempunctata,1998,12,70
Adalia decempunctata,1999,15,159
Adalia decempunctata,2000,14,208
Adalia decempunctata,2001,3,325
Adalia decempunctata,2003,15,257
Adalia decempunctata,2004,5,335
Adalia decempunctata,2005,3,624
Adalia decempunctata,2006,7,570
Adalia decempunctata,2007,12,443
Adalia decempunctata,2008,9,157
Adalia decempunctata,2009,16,213
Adalia decempunctata,2010,87,207
Adalia decempunctata,2011,54,2
Adalia decempunctata,2012,27,0
Adalia decempunctata,2013,164,0
Adalia decempunctata,2014,287,0
Adalia decempunctata,2015,273,0
Adalia decempunctata,2016,312,0
Adalia decempunctata,2017,223,0
Adalia decempunctata,2018,227,0
Adalia decempunctata,2019,392,0
Adalia decempunctata,2020,460,0
Adalia decempunctata,1600,0,1
Adalia decempunctata,1848,0,2
Adalia decempunctata,1888,0,1
Adalia decempunctata,1891,0,2
Adalia decempunctata,1892,0,1
Adalia decempunctata,1894,0,2
Adalia decempunctata,1898,0,1
Adalia decempunctata,1899,0,1
Adalia decempunctata,1900,0,6
Adalia decempunctata,1901,0,1
Adalia decempunctata,1902,0,2
Adalia decempunctata,1903,0,3
Adalia decempunctata,1904,0,4
Adalia decempunctata,1905,0,2
Adalia decempunctata,1906,0,1
Adalia decempunctata,1907,0,2
Adalia decempunctata,1909,0,1
Adalia decempunctata,1911,0,4
Adalia decempunctata,1917,0,1
Adalia decempunctata,1919,0,1
Adalia decempunctata,1920,0,2
Adalia decempunctata,1922,0,2
Adalia decempunctata,1923,0,4
Adalia decempunctata,1924,0,2
Adalia decempunctata,1925,0,1
Adalia decempunctata,1927,0,2
Adalia decempunctata,1928,0,2
Adalia decempunctata,1929,0,1
Adalia decempunctata,1931,0,4
Adalia decempunctata,1932,0,3
Adalia decempunctata,1933,0,2
Adalia decempunctata,1936,0,1
Adalia decempunctata,1938,0,6
Adalia decempunctata,1939,0,2
Adalia decempunctata,1940,0,5
Adalia decempunctata,1941,0,4
Adalia decempunctata,1942,0,3
Adalia decempunctata,1943,0,7
Adalia decempunctata,1944,0,3
Adalia decempunctata,1945,0,2
Adalia decempunctata,1946,0,3
Adalia decempunctata,1949,0,3
Adalia decempunctata,1950,0,1
Adalia decempunctata,1951,0,6
Adalia decempunctata,1952,0,3
Adalia decempunctata,1954,0,4
Adalia decempunctata,1955,0,5
Adalia decempunctata,1956,0,12
Adalia decempunctata,1957,0,2
Adalia decempunctata,1958,0,8
Adalia decempunctata,1959,0,3
Adalia decempunctata,1960,0,7
Adalia decempunctata,1961,0,3
Adalia decempunctata,1962,0,1
Adalia decempunctata,1963,0,2
Adalia decempunctata,1964,0,3
Adalia decempunctata,1965,0,2
Adalia decempunctata,1966,0,3
Adalia decempunctata,1968,0,8
Adalia decempunctata,1969,0,3
Adalia decempunctata,1970,0,7
Adalia decempunctata,1973,0,20
Adalia decempunctata,1974,0,6
Adalia decempunctata,1975,0,15
Adalia decempunctata,1979,0,25
Adalia decempunctata,1989,0,197
Adalia decempunctata,2002,0,231
Halyzia sedecimguttata,1990,4,44
Halyzia sedecimguttata,1991,4,46
Halyzia sedecimguttata,1992,6,59
Halyzia sedecimguttata,1993,2,37
Halyzia sedecimguttata,1994,2,27
Halyzia sedecimguttata,1995,1,31
Halyzia sedecimguttata,1996,2,35
Halyzia sedecimguttata,1998,3,66
Halyzia sedecimguttata,1999,1,123
Halyzia sedecimguttata,2000,6,248
Halyzia sedecimguttata,2001,4,273
Halyzia sedecimguttata,2002,1,277
Halyzia sedecimguttata,2004,9,554
Halyzia sedecimguttata,2005,1,625
Halyzia sedecimguttata,2006,5,586
Halyzia sedecimguttata,2007,14,398
Halyzia sedecimguttata,2008,12,247
Halyzia sedecimguttata,2009,13,220
Halyzia sedecimguttata,2010,119,119
Halyzia sedecimguttata,2011,34,1
Halyzia sedecimguttata,2012,21,0
Halyzia sedecimguttata,2013,205,0
Halyzia sedecimguttata,2014,235,0
Halyzia sedecimguttata,2015,299,0
Halyzia sedecimguttata,2016,357,0
Halyzia sedecimguttata,2017,481,0
Halyzia sedecimguttata,2018,415,0
Halyzia sedecimguttata,2019,290,0
Halyzia sedecimguttata,2020,214,0
Halyzia sedecimguttata,1870,0,1
Halyzia sedecimguttata,1892,0,2
Halyzia sedecimguttata,1894,0,2
Halyzia sedecimguttata,1895,0,1
Halyzia sedecimguttata,1896,0,1
Halyzia sedecimguttata,1897,0,2
Halyzia sedecimguttata,1898,0,1
Halyzia sedecimguttata,1900,0,6
Halyzia sedecimguttata,1902,0,2
Halyzia sedecimguttata,1907,0,1
Halyzia sedecimguttata,1911,0,1
Halyzia sedecimguttata,1913,0,1
Halyzia sedecimguttata,1915,0,2
Halyzia sedecimguttata,1917,0,1
Halyzia sedecimguttata,1919,0,1
Halyzia sedecimguttata,1920,0,4
Halyzia sedecimguttata,1922,0,1
Halyzia sedecimguttata,1935,0,1
Halyzia sedecimguttata,1938,0,2
Halyzia sedecimguttata,1940,0,1
Halyzia sedecimguttata,1950,0,1
Halyzia sedecimguttata,1955,0,2
Halyzia sedecimguttata,1958,0,1
Halyzia sedecimguttata,1960,0,1
Halyzia sedecimguttata,1961,0,1
Halyzia sedecimguttata,1962,0,1
Halyzia sedecimguttata,1970,0,1
Halyzia sedecimguttata,1973,0,3
Halyzia sedecimguttata,1974,0,2
Halyzia sedecimguttata,1976,0,1
Halyzia sedecimguttata,1977,0,6
Halyzia sedecimguttata,1981,0,1
Halyzia sedecimguttata,1983,0,13
Halyzia sedecimguttata,1984,0,3
Halyzia sedecimguttata,1985,0,9
Halyzia sedecimguttata,1986,0,2
Halyzia sedecimguttata,1987,0,4
Halyzia sedecimguttata,1988,0,11
Halyzia sedecimguttata,1989,0,54
Halyzia sedecimguttata,1997,0,29
Halyzia sedecimguttata,2003,0,228
Harmonia axyridis form spectabilis,2008,1,0
Harmonia axyridis form spectabilis,2011,1,0
Harmonia axyridis form spectabilis,2012,2,0
Harmonia axyridis form spectabilis,2013,50,0
Harmonia axyridis form spectabilis,2014,66,0
Harmonia axyridis form spectabilis,2015,212,0
Harmonia axyridis form spectabilis,2016,394,0
Harmonia axyridis form spectabilis,2017,369,0
Harmonia axyridis form spectabilis,2018,470,0
Harmonia axyridis form spectabilis,2019,119,0
Harmonia axyridis form spectabilis,2020,129,0
Subcoccinella vigintiquattuorpunctata,1979,2,6
Subcoccinella vigintiquattuorpunctata,1983,1,20
Subcoccinella vigintiquattuorpunctata,1988,4,36
Subcoccinella vigintiquattuorpunctata,1990,4,31
Subcoccinella vigintiquattuorpunctata,1991,1,57
Subcoccinella vigintiquattuorpunctata,1992,1,54
Subcoccinella vigintiquattuorpunctata,1993,1,66
Subcoccinella vigintiquattuorpunctata,1997,1,48
Subcoccinella vigintiquattuorpunctata,2000,1,141
Subcoccinella vigintiquattuorpunctata,2001,6,164
Subcoccinella vigintiquattuorpunctata,2002,1,211
Subcoccinella vigintiquattuorpunctata,2004,1,195
Subcoccinella vigintiquattuorpunctata,2005,6,227
Subcoccinella vigintiquattuorpunctata,2006,1,193
Subcoccinella vigintiquattuorpunctata,2007,9,207
Subcoccinella vigintiquattuorpunctata,2008,2,177
Subcoccinella vigintiquattuorpunctata,2009,3,174
Subcoccinella vigintiquattuorpunctata,2010,31,62
Subcoccinella vigintiquattuorpunctata,2011,37,2
Subcoccinella vigintiquattuorpunctata,2012,22,0
Subcoccinella vigintiquattuorpunctata,2013,64,0
Subcoccinella vigintiquattuorpunctata,2014,111,0
Subcoccinella vigintiquattuorpunctata,2015,122,0
Subcoccinella vigintiquattuorpunctata,2016,210,0
Subcoccinella vigintiquattuorpunctata,2017,195,0
Subcoccinella vigintiquattuorpunctata,2018,215,0
Subcoccinella vigintiquattuorpunctata,2019,289,0
Subcoccinella vigintiquattuorpunctata,2020,317,0
Subcoccinella vigintiquattuorpunctata,1600,0,2
Subcoccinella vigintiquattuorpunctata,1842,0,1
Subcoccinella vigintiquattuorpunctata,1844,0,1
Subcoccinella vigintiquattuorpunctata,1848,0,1
Subcoccinella vigintiquattuorpunctata,1892,0,2
Subcoccinella vigintiquattuorpunctata,1899,0,1
Subcoccinella vigintiquattuorpunctata,1900,0,2
Subcoccinella vigintiquattuorpunctata,1909,0,2
Subcoccinella vigintiquattuorpunctata,1912,0,2
Subcoccinella vigintiquattuorpunctata,1915,0,1
Subcoccinella vigintiquattuorpunctata,1916,0,2
Subcoccinella vigintiquattuorpunctata,1923,0,4
Subcoccinella vigintiquattuorpunctata,1924,0,2
Subcoccinella vigintiquattuorpunctata,1925,0,1
Subcoccinella vigintiquattuorpunctata,1930,0,2
Subcoccinella vigintiquattuorpunctata,1932,0,1
Subcoccinella vigintiquattuorpunctata,1938,0,1
Subcoccinella vigintiquattuorpunctata,1939,0,1
Subcoccinella vigintiquattuorpunctata,1942,0,1
Subcoccinella vigintiquattuorpunctata,1945,0,3
Subcoccinella vigintiquattuorpunctata,1946,0,1
Subcoccinella vigintiquattuorpunctata,1948,0,1
Subcoccinella vigintiquattuorpunctata,1949,0,1
Subcoccinella vigintiquattuorpunctata,1953,0,1
Subcoccinella vigintiquattuorpunctata,1959,0,2
Subcoccinella vigintiquattuorpunctata,1960,0,7
Subcoccinella vigintiquattuorpunctata,1961,0,1
Subcoccinella vigintiquattuorpunctata,1962,0,1
Subcoccinella vigintiquattuorpunctata,1964,0,1
Subcoccinella vigintiquattuorpunctata,1966,0,3
Subcoccinella vigintiquattuorpunctata,1967,0,2
Subcoccinella vigintiquattuorpunctata,1968,0,1
Subcoccinella vigintiquattuorpunctata,1969,0,3
Subcoccinella vigintiquattuorpunctata,1971,0,4
Subcoccinella vigintiquattuorpunctata,1972,0,3
Subcoccinella vigintiquattuorpunctata,1973,0,4
Subcoccinella vigintiquattuorpunctata,1974,0,3
Subcoccinella vigintiquattuorpunctata,1975,0,7
Subcoccinella vigintiquattuorpunctata,1976,0,6
Subcoccinella vigintiquattuorpunctata,1977,0,17
Subcoccinella vigintiquattuorpunctata,1978,0,7
Subcoccinella vigintiquattuorpunctata,1980,0,15
Subcoccinella vigintiquattuorpunctata,1981,0,12
Subcoccinella vigintiquattuorpunctata,1982,0,7
Subcoccinella vigintiquattuorpunctata,1984,0,24
Subcoccinella vigintiquattuorpunctata,1985,0,13
Subcoccinella vigintiquattuorpunctata,1986,0,13
Subcoccinella vigintiquattuorpunctata,1987,0,17
Subcoccinella vigintiquattuorpunctata,1989,0,87
Subcoccinella vigintiquattuorpunctata,1994,0,46
Subcoccinella vigintiquattuorpunctata,1995,0,53
Subcoccinella vigintiquattuorpunctata,1996,0,48
Subcoccinella vigintiquattuorpunctata,1998,0,53
Subcoccinella vigintiquattuorpunctata,1999,0,73
Subcoccinella vigintiquattuorpunctata,2003,0,145
Exochomus quadripustulatus,1977,1,14
Exochomus quadripustulatus,1978,2,10
Exochomus quadripustulatus,1979,1,10
Exochomus quadripustulatus,1983,1,10
Exochomus quadripustulatus,1984,1,18
Exochomus quadripustulatus,1985,1,16
Exochomus quadripustulatus,1990,2,60
Exochomus quadripustulatus,1995,1,69
Exochomus quadripustulatus,1996,2,93
Exochomus quadripustulatus,1997,3,53
Exochomus quadripustulatus,1999,1,124
Exochomus quadripustulatus,2001,1,432
Exochomus quadripustulatus,2002,1,509
Exochomus quadripustulatus,2004,1,495
Exochomus quadripustulatus,2005,5,712
Exochomus quadripustulatus,2006,14,647
Exochomus quadripustulatus,2007,8,530
Exochomus quadripustulatus,2008,17,217
Exochomus quadripustulatus,2009,10,196
Exochomus quadripustulatus,2010,50,74
Exochomus quadripustulatus,2011,64,6
Exochomus quadripustulatus,2012,25,0
Exochomus quadripustulatus,2013,44,0
Exochomus quadripustulatus,2014,103,0
Exochomus quadripustulatus,2015,167,0
Exochomus quadripustulatus,2016,160,0
Exochomus quadripustulatus,2017,123,0
Exochomus quadripustulatus,2018,131,0
Exochomus quadripustulatus,2019,380,0
Exochomus quadripustulatus,2020,376,0
Exochomus quadripustulatus,1848,0,2
Exochomus quadripustulatus,1860,0,2
Exochomus quadripustulatus,1890,0,1
Exochomus quadripustulatus,1892,0,1
Exochomus quadripustulatus,1897,0,3
Exochomus quadripustulatus,1899,0,2
Exochomus quadripustulatus,1901,0,1
Exochomus quadripustulatus,1908,0,1
Exochomus quadripustulatus,1914,0,2
Exochomus quadripustulatus,1916,0,2
Exochomus quadripustulatus,1919,0,2
Exochomus quadripustulatus,1920,0,3
Exochomus quadripustulatus,1922,0,3
Exochomus quadripustulatus,1923,0,6
Exochomus quadripustulatus,1927,0,1
Exochomus quadripustulatus,1939,0,2
Exochomus quadripustulatus,1942,0,2
Exochomus quadripustulatus,1945,0,2
Exochomus quadripustulatus,1950,0,1
Exochomus quadripustulatus,1958,0,2
Exochomus quadripustulatus,1959,0,2
Exochomus quadripustulatus,1970,0,3
Exochomus quadripustulatus,1971,0,6
Exochomus quadripustulatus,1972,0,2
Exochomus quadripustulatus,1973,0,4
Exochomus quadripustulatus,1974,0,6
Exochomus quadripustulatus,1975,0,8
Exochomus quadripustulatus,1976,0,6
Exochomus quadripustulatus,1980,0,4
Exochomus quadripustulatus,1981,0,8
Exochomus quadripustulatus,1982,0,7
Exochomus quadripustulatus,1986,0,12
Exochomus quadripustulatus,1987,0,19
Exochomus quadripustulatus,1988,0,16
Exochomus quadripustulatus,1989,0,58
Exochomus quadripustulatus,1991,0,55
Exochomus quadripustulatus,1992,0,68
Exochomus quadripustulatus,1993,0,76
Exochomus quadripustulatus,1994,0,46
Exochomus quadripustulatus,1998,0,47
Exochomus quadripustulatus,2000,0,171
Exochomus quadripustulatus,2003,0,523
Chilocorus renipustulatus,1976,1,8
Chilocorus renipustulatus,1977,2,11
Chilocorus renipustulatus,1981,1,9
Chilocorus renipustulatus,1982,3,17
Chilocorus renipustulatus,1984,2,46
Chilocorus renipustulatus,1985,1,12
Chilocorus renipustulatus,1986,1,12
Chilocorus renipustulatus,1990,9,62
Chilocorus renipustulatus,1991,4,46
Chilocorus renipustulatus,1992,7,220
Chilocorus renipustulatus,1993,5,44
Chilocorus renipustulatus,1995,1,44
Chilocorus renipustulatus,1996,1,41
Chilocorus renipustulatus,1997,2,34
Chilocorus renipustulatus,1998,2,28
Chilocorus renipustulatus,1999,2,51
Chilocorus renipustulatus,2001,1,147
Chilocorus renipustulatus,2004,1,91
Chilocorus renipustulatus,2006,1,107
Chilocorus renipustulatus,2007,3,117
Chilocorus renipustulatus,2009,6,94
Chilocorus renipustulatus,2010,16,59
Chilocorus renipustulatus,2011,18,0
Chilocorus renipustulatus,2012,10,0
Chilocorus renipustulatus,2013,43,0
Chilocorus renipustulatus,2014,88,0
Chilocorus renipustulatus,2015,88,0
Chilocorus renipustulatus,2016,97,0
Chilocorus renipustulatus,2017,98,0
Chilocorus renipustulatus,2018,128,0
Chilocorus renipustulatus,2019,203,0
Chilocorus renipustulatus,2020,128,0
Chilocorus renipustulatus,1879,0,1
Chilocorus renipustulatus,1884,0,1
Chilocorus renipustulatus,1892,0,1
Chilocorus renipustulatus,1899,0,1
Chilocorus renipustulatus,1911,0,1
Chilocorus renipustulatus,1915,0,1
Chilocorus renipustulatus,1919,0,2
Chilocorus renipustulatus,1920,0,1
Chilocorus renipustulatus,1929,0,1
Chilocorus renipustulatus,1933,0,1
Chilocorus renipustulatus,1936,0,1
Chilocorus renipustulatus,1938,0,1
Chilocorus renipustulatus,1940,0,1
Chilocorus renipustulatus,1942,0,3
Chilocorus renipustulatus,1945,0,2
Chilocorus renipustulatus,1946,0,1
Chilocorus renipustulatus,1948,0,1
Chilocorus renipustulatus,1950,0,3
Chilocorus renipustulatus,1953,0,1
Chilocorus renipustulatus,1954,0,1
Chilocorus renipustulatus,1955,0,2
Chilocorus renipustulatus,1959,0,1
Chilocorus renipustulatus,1965,0,2
Chilocorus renipustulatus,1967,0,2
Chilocorus renipustulatus,1968,0,5
Chilocorus renipustulatus,1969,0,3
Chilocorus renipustulatus,1970,0,4
Chilocorus renipustulatus,1971,0,4
Chilocorus renipustulatus,1972,0,2
Chilocorus renipustulatus,1973,0,2
Chilocorus renipustulatus,1974,0,3
Chilocorus renipustulatus,1975,0,5
Chilocorus renipustulatus,1978,0,4
Chilocorus renipustulatus,1979,0,5
Chilocorus renipustulatus,1980,0,13
Chilocorus renipustulatus,1983,0,29
Chilocorus renipustulatus,1987,0,14
Chilocorus renipustulatus,1988,0,27
Chilocorus renipustulatus,1989,0,56
Chilocorus renipustulatus,1994,0,14
Chilocorus renipustulatus,2000,0,112
Chilocorus renipustulatus,2002,0,134
Chilocorus renipustulatus,2003,0,51
Chilocorus renipustulatus,2005,0,124
Chilocorus renipustulatus,2008,0,19
Harmonia axyridis form succinea,2008,1,0
Harmonia axyridis form succinea,2009,1,0
Harmonia axyridis form succinea,2011,3,0
Harmonia axyridis form succinea,2012,15,0
Harmonia axyridis form succinea,2013,241,0
Harmonia axyridis form succinea,2014,358,0
Harmonia axyridis form succinea,2015,125,0
Harmonia axyridis form succinea,2016,236,0
Harmonia axyridis form succinea,2017,366,0
Harmonia axyridis form succinea,2018,498,0
Harmonia axyridis form succinea,2019,339,0
Harmonia axyridis form succinea,2020,364,0
Rhyzobius chrysomeloides,2010,2,8
Rhyzobius chrysomeloides,2011,8,0
Rhyzobius chrysomeloides,2012,1,0
Rhyzobius chrysomeloides,2013,6,0
Rhyzobius chrysomeloides,2014,24,0
Rhyzobius chrysomeloides,2015,11,0
Rhyzobius chrysomeloides,2016,11,0
Rhyzobius chrysomeloides,2017,9,0
Rhyzobius chrysomeloides,2018,16,0
Rhyzobius chrysomeloides,2019,191,0
Rhyzobius chrysomeloides,2020,293,0
Rhyzobius chrysomeloides,1996,0,1
Rhyzobius chrysomeloides,1997,0,1
Rhyzobius chrysomeloides,1998,0,3
Rhyzobius chrysomeloides,1999,0,2
Rhyzobius chrysomeloides,2000,0,1
Rhyzobius chrysomeloides,2001,0,3
Rhyzobius chrysomeloides,2002,0,5
Rhyzobius chrysomeloides,2003,0,15
Rhyzobius chrysomeloides,2004,0,6
Rhyzobius chrysomeloides,2005,0,3
Rhyzobius chrysomeloides,2006,0,15
Rhyzobius chrysomeloides,2007,0,14
Rhyzobius chrysomeloides,2008,0,15
Rhyzobius chrysomeloides,2009,0,14
Psyllobora vigintiduopunctata,1976,2,20
Psyllobora vigintiduopunctata,1978,2,33
Psyllobora vigintiduopunctata,1979,2,6
Psyllobora vigintiduopunctata,1981,3,31
Psyllobora vigintiduopunctata,1983,2,59
Psyllobora vigintiduopunctata,1985,4,49
Psyllobora vigintiduopunctata,1987,1,54
Psyllobora vigintiduopunctata,1988,1,37
Psyllobora vigintiduopunctata,1989,1,72
Psyllobora vigintiduopunctata,1990,1,90
Psyllobora vigintiduopunctata,1994,1,136
Psyllobora vigintiduopunctata,1996,3,87
Psyllobora vigintiduopunctata,1999,2,229
Psyllobora vigintiduopunctata,2002,1,268
Psyllobora vigintiduopunctata,2004,7,217
Psyllobora vigintiduopunctata,2005,6,287
Psyllobora vigintiduopunctata,2007,7,216
Psyllobora vigintiduopunctata,2008,4,118
Psyllobora vigintiduopunctata,2009,8,251
Psyllobora vigintiduopunctata,2010,53,96
Psyllobora vigintiduopunctata,2011,78,0
Psyllobora vigintiduopunctata,2012,17,0
Psyllobora vigintiduopunctata,2013,151,0
Psyllobora vigintiduopunctata,2014,220,0
Psyllobora vigintiduopunctata,2015,208,0
Psyllobora vigintiduopunctata,2016,268,0
Psyllobora vigintiduopunctata,2017,335,0
Psyllobora vigintiduopunctata,2018,313,0
Psyllobora vigintiduopunctata,2019,399,0
Psyllobora vigintiduopunctata,2020,460,0
Psyllobora vigintiduopunctata,1848,0,2
Psyllobora vigintiduopunctata,1880,0,1
Psyllobora vigintiduopunctata,1884,0,1
Psyllobora vigintiduopunctata,1888,0,1
Psyllobora vigintiduopunctata,1892,0,1
Psyllobora vigintiduopunctata,1894,0,1
Psyllobora vigintiduopunctata,1895,0,1
Psyllobora vigintiduopunctata,1900,0,2
Psyllobora vigintiduopunctata,1903,0,1
Psyllobora vigintiduopunctata,1904,0,2
Psyllobora vigintiduopunctata,1905,0,4
Psyllobora vigintiduopunctata,1906,0,1
Psyllobora vigintiduopunctata,1910,0,1
Psyllobora vigintiduopunctata,1914,0,1
Psyllobora vigintiduopunctata,1919,0,1
Psyllobora vigintiduopunctata,1920,0,3
Psyllobora vigintiduopunctata,1922,0,2
Psyllobora vigintiduopunctata,1930,0,1
Psyllobora vigintiduopunctata,1931,0,1
Psyllobora vigintiduopunctata,1934,0,3
Psyllobora vigintiduopunctata,1935,0,2
Psyllobora vigintiduopunctata,1937,0,1
Psyllobora vigintiduopunctata,1938,0,1
Psyllobora vigintiduopunctata,1939,0,1
Psyllobora vigintiduopunctata,1940,0,3
Psyllobora vigintiduopunctata,1943,0,1
Psyllobora vigintiduopunctata,1944,0,2
Psyllobora vigintiduopunctata,1945,0,3
Psyllobora vigintiduopunctata,1946,0,1
Psyllobora vigintiduopunctata,1948,0,2
Psyllobora vigintiduopunctata,1951,0,3
Psyllobora vigintiduopunctata,1953,0,1
Psyllobora vigintiduopunctata,1955,0,2
Psyllobora vigintiduopunctata,1956,0,4
Psyllobora vigintiduopunctata,1958,0,2
Psyllobora vigintiduopunctata,1959,0,3
Psyllobora vigintiduopunctata,1960,0,1
Psyllobora vigintiduopunctata,1961,0,2
Psyllobora vigintiduopunctata,1962,0,2
Psyllobora vigintiduopunctata,1963,0,3
Psyllobora vigintiduopunctata,1964,0,1
Psyllobora vigintiduopunctata,1965,0,2
Psyllobora vigintiduopunctata,1967,0,2
Psyllobora vigintiduopunctata,1968,0,4
Psyllobora vigintiduopunctata,1970,0,5
Psyllobora vigintiduopunctata,1971,0,6
Psyllobora vigintiduopunctata,1972,0,3
Psyllobora vigintiduopunctata,1973,0,10
Psyllobora vigintiduopunctata,1974,0,4
Psyllobora vigintiduopunctata,1975,0,18
Psyllobora vigintiduopunctata,1977,0,22
Psyllobora vigintiduopunctata,1980,0,35
Psyllobora vigintiduopunctata,1982,0,52
Psyllobora vigintiduopunctata,1984,0,76
Psyllobora vigintiduopunctata,1986,0,37
Psyllobora vigintiduopunctata,1991,0,94
Psyllobora vigintiduopunctata,1992,0,174
Psyllobora vigintiduopunctata,1993,0,177
Psyllobora vigintiduopunctata,1995,0,104
Psyllobora vigintiduopunctata,1997,0,94
Psyllobora vigintiduopunctata,1998,0,94
Psyllobora vigintiduopunctata,2000,0,329
Psyllobora vigintiduopunctata,2001,0,296
Psyllobora vigintiduopunctata,2003,0,190
Psyllobora vigintiduopunctata,2006,0,273
Harmonia axyridis form conspicua,2009,1,0
Harmonia axyridis form conspicua,2012,2,0
Harmonia axyridis form conspicua,2013,31,0
Harmonia axyridis form conspicua,2014,60,0
Harmonia axyridis form conspicua,2015,31,0
Harmonia axyridis form conspicua,2016,42,0
Harmonia axyridis form conspicua,2017,72,0
Harmonia axyridis form conspicua,2018,146,0
Harmonia axyridis form conspicua,2019,64,0
Harmonia axyridis form conspicua,2020,67,0
Aphidecta obliterata,1976,1,5
Aphidecta obliterata,1979,1,10
Aphidecta obliterata,1980,2,21
Aphidecta obliterata,1982,2,12
Aphidecta obliterata,1983,2,20
Aphidecta obliterata,1984,1,32
Aphidecta obliterata,1986,1,21
Aphidecta obliterata,1987,2,20
Aphidecta obliterata,1992,2,24
Aphidecta obliterata,1997,1,21
Aphidecta obliterata,2001,1,30
Aphidecta obliterata,2006,8,47
Aphidecta obliterata,2007,4,35
Aphidecta obliterata,2008,2,5
Aphidecta obliterata,2009,8,20
Aphidecta obliterata,2010,8,20
Aphidecta obliterata,2011,8,1
Aphidecta obliterata,2012,7,0
Aphidecta obliterata,2013,27,0
Aphidecta obliterata,2014,28,0
Aphidecta obliterata,2015,68,0
Aphidecta obliterata,2016,63,0
Aphidecta obliterata,2017,50,0
Aphidecta obliterata,2018,51,0
Aphidecta obliterata,2019,134,0
Aphidecta obliterata,2020,75,0
Aphidecta obliterata,1600,0,3
Aphidecta obliterata,1848,0,2
Aphidecta obliterata,1860,0,1
Aphidecta obliterata,1878,0,1
Aphidecta obliterata,1888,0,2
Aphidecta obliterata,1890,0,2
Aphidecta obliterata,1891,0,1
Aphidecta obliterata,1893,0,2
Aphidecta obliterata,1894,0,3
Aphidecta obliterata,1895,0,2
Aphidecta obliterata,1896,0,1
Aphidecta obliterata,1899,0,3
Aphidecta obliterata,1900,0,1
Aphidecta obliterata,1901,0,1
Aphidecta obliterata,1904,0,1
Aphidecta obliterata,1906,0,2
Aphidecta obliterata,1913,0,2
Aphidecta obliterata,1914,0,1
Aphidecta obliterata,1915,0,3
Aphidecta obliterata,1920,0,2
Aphidecta obliterata,1922,0,3
Aphidecta obliterata,1925,0,2
Aphidecta obliterata,1928,0,1
Aphidecta obliterata,1929,0,1
Aphidecta obliterata,1938,0,1
Aphidecta obliterata,1939,0,1
Aphidecta obliterata,1941,0,3
Aphidecta obliterata,1942,0,1
Aphidecta obliterata,1944,0,2
Aphidecta obliterata,1945,0,2
Aphidecta obliterata,1947,0,1
Aphidecta obliterata,1948,0,1
Aphidecta obliterata,1951,0,2
Aphidecta obliterata,1953,0,3
Aphidecta obliterata,1956,0,4
Aphidecta obliterata,1957,0,2
Aphidecta obliterata,1958,0,2
Aphidecta obliterata,1961,0,1
Aphidecta obliterata,1962,0,1
Aphidecta obliterata,1966,0,2
Aphidecta obliterata,1968,0,1
Aphidecta obliterata,1969,0,1
Aphidecta obliterata,1970,0,2
Aphidecta obliterata,1971,0,7
Aphidecta obliterata,1972,0,1
Aphidecta obliterata,1973,0,4
Aphidecta obliterata,1974,0,2
Aphidecta obliterata,1975,0,2
Aphidecta obliterata,1977,0,14
Aphidecta obliterata,1978,0,18
Aphidecta obliterata,1981,0,17
Aphidecta obliterata,1985,0,13
Aphidecta obliterata,1988,0,13
Aphidecta obliterata,1989,0,89
Aphidecta obliterata,1990,0,23
Aphidecta obliterata,1991,0,51
Aphidecta obliterata,1993,0,36
Aphidecta obliterata,1994,0,27
Aphidecta obliterata,1995,0,42
Aphidecta obliterata,1996,0,18
Aphidecta obliterata,1998,0,12
Aphidecta obliterata,1999,0,17
Aphidecta obliterata,2000,0,28
Aphidecta obliterata,2002,0,23
Aphidecta obliterata,2003,0,28
Aphidecta obliterata,2004,0,12
Aphidecta obliterata,2005,0,47
Calvia quattuordecimguttata,1971,1,11
Calvia quattuordecimguttata,1972,1,11
Calvia quattuordecimguttata,1976,1,8
Calvia quattuordecimguttata,1977,2,23
Calvia quattuordecimguttata,1978,2,37
Calvia quattuordecimguttata,1979,3,17
Calvia quattuordecimguttata,1980,1,55
Calvia quattuordecimguttata,1982,2,24
Calvia quattuordecimguttata,1983,4,48
Calvia quattuordecimguttata,1984,1,58
Calvia quattuordecimguttata,1985,5,44
Calvia quattuordecimguttata,1987,2,49
Calvia quattuordecimguttata,1988,1,53
Calvia quattuordecimguttata,1990,1,71
Calvia quattuordecimguttata,1991,1,125
Calvia quattuordecimguttata,1993,2,138
Calvia quattuordecimguttata,1995,1,103
Calvia quattuordecimguttata,1996,3,113
Calvia quattuordecimguttata,1997,1,71
Calvia quattuordecimguttata,1999,7,115
Calvia quattuordecimguttata,2001,2,183
Calvia quattuordecimguttata,2004,2,248
Calvia quattuordecimguttata,2005,3,250
Calvia quattuordecimguttata,2006,1,257
Calvia quattuordecimguttata,2007,7,208
Calvia quattuordecimguttata,2008,4,109
Calvia quattuordecimguttata,2009,6,182
Calvia quattuordecimguttata,2010,34,135
Calvia quattuordecimguttata,2011,27,1
Calvia quattuordecimguttata,2012,16,0
Calvia quattuordecimguttata,2013,74,0
Calvia quattuordecimguttata,2014,186,0
Calvia quattuordecimguttata,2015,164,0
Calvia quattuordecimguttata,2016,163,0
Calvia quattuordecimguttata,2017,171,0
Calvia quattuordecimguttata,2018,188,0
Calvia quattuordecimguttata,2019,385,0
Calvia quattuordecimguttata,2020,313,0
Calvia quattuordecimguttata,1600,0,5
Calvia quattuordecimguttata,1832,0,2
Calvia quattuordecimguttata,1848,0,2
Calvia quattuordecimguttata,1860,0,1
Calvia quattuordecimguttata,1875,0,1
Calvia quattuordecimguttata,1876,0,1
Calvia quattuordecimguttata,1880,0,1
Calvia quattuordecimguttata,1881,0,2
Calvia quattuordecimguttata,1882,0,1
Calvia quattuordecimguttata,1888,0,1
Calvia quattuordecimguttata,1891,0,1
Calvia quattuordecimguttata,1892,0,1
Calvia quattuordecimguttata,1893,0,2
Calvia quattuordecimguttata,1894,0,2
Calvia quattuordecimguttata,1895,0,3
Calvia quattuordecimguttata,1896,0,1
Calvia quattuordecimguttata,1898,0,1
Calvia quattuordecimguttata,1900,0,4
Calvia quattuordecimguttata,1901,0,7
Calvia quattuordecimguttata,1902,0,2
Calvia quattuordecimguttata,1904,0,2
Calvia quattuordecimguttata,1905,0,1
Calvia quattuordecimguttata,1907,0,1
Calvia quattuordecimguttata,1909,0,1
Calvia quattuordecimguttata,1910,0,1
Calvia quattuordecimguttata,1911,0,10
Calvia quattuordecimguttata,1912,0,1
Calvia quattuordecimguttata,1913,0,1
Calvia quattuordecimguttata,1915,0,1
Calvia quattuordecimguttata,1916,0,2
Calvia quattuordecimguttata,1918,0,1
Calvia quattuordecimguttata,1919,0,1
Calvia quattuordecimguttata,1920,0,2
Calvia quattuordecimguttata,1921,0,2
Calvia quattuordecimguttata,1922,0,2
Calvia quattuordecimguttata,1923,0,2
Calvia quattuordecimguttata,1924,0,1
Calvia quattuordecimguttata,1925,0,1
Calvia quattuordecimguttata,1926,0,2
Calvia quattuordecimguttata,1930,0,2
Calvia quattuordecimguttata,1933,0,1
Calvia quattuordecimguttata,1936,0,1
Calvia quattuordecimguttata,1938,0,1
Calvia quattuordecimguttata,1942,0,1
Calvia quattuordecimguttata,1944,0,2
Calvia quattuordecimguttata,1945,0,2
Calvia quattuordecimguttata,1950,0,1
Calvia quattuordecimguttata,1952,0,1
Calvia quattuordecimguttata,1953,0,1
Calvia quattuordecimguttata,1954,0,2
Calvia quattuordecimguttata,1956,0,3
Calvia quattuordecimguttata,1957,0,1
Calvia quattuordecimguttata,1958,0,1
Calvia quattuordecimguttata,1959,0,3
Calvia quattuordecimguttata,1960,0,6
Calvia quattuordecimguttata,1961,0,1
Calvia quattuordecimguttata,1963,0,3
Calvia quattuordecimguttata,1964,0,3
Calvia quattuordecimguttata,1965,0,2
Calvia quattuordecimguttata,1966,0,2
Calvia quattuordecimguttata,1967,0,2
Calvia quattuordecimguttata,1968,0,2
Calvia quattuordecimguttata,1969,0,3
Calvia quattuordecimguttata,1970,0,6
Calvia quattuordecimguttata,1973,0,12
Calvia quattuordecimguttata,1974,0,3
Calvia quattuordecimguttata,1975,0,10
Calvia quattuordecimguttata,1981,0,21
Calvia quattuordecimguttata,1986,0,49
Calvia quattuordecimguttata,1989,0,122
Calvia quattuordecimguttata,1992,0,90
Calvia quattuordecimguttata,1994,0,79
Calvia quattuordecimguttata,1998,0,72
Calvia quattuordecimguttata,2000,0,139
Calvia quattuordecimguttata,2002,0,217
Calvia quattuordecimguttata,2003,0,178
Myrrha octodecimguttata,2010,3,9
Myrrha octodecimguttata,2011,6,0
Myrrha octodecimguttata,2013,6,0
Myrrha octodecimguttata,2014,7,0
Myrrha octodecimguttata,2015,13,0
Myrrha octodecimguttata,2016,12,0
Myrrha octodecimguttata,2017,18,0
Myrrha octodecimguttata,2018,15,0
Myrrha octodecimguttata,2019,46,0
Myrrha octodecimguttata,2020,25,0
Myrrha octodecimguttata,1600,0,3
Myrrha octodecimguttata,1830,0,1
Myrrha octodecimguttata,1848,0,2
Myrrha octodecimguttata,1860,0,2
Myrrha octodecimguttata,1878,0,1
Myrrha octodecimguttata,1888,0,2
Myrrha octodecimguttata,1894,0,1
Myrrha octodecimguttata,1895,0,1
Myrrha octodecimguttata,1897,0,1
Myrrha octodecimguttata,1900,0,3
Myrrha octodecimguttata,1901,0,1
Myrrha octodecimguttata,1902,0,1
Myrrha octodecimguttata,1903,0,2
Myrrha octodecimguttata,1905,0,1
Myrrha octodecimguttata,1906,0,1
Myrrha octodecimguttata,1908,0,1
Myrrha octodecimguttata,1912,0,1
Myrrha octodecimguttata,1920,0,1
Myrrha octodecimguttata,1921,0,1
Myrrha octodecimguttata,1924,0,1
Myrrha octodecimguttata,1930,0,3
Myrrha octodecimguttata,1935,0,1
Myrrha octodecimguttata,1936,0,1
Myrrha octodecimguttata,1939,0,1
Myrrha octodecimguttata,1940,0,1
Myrrha octodecimguttata,1941,0,2
Myrrha octodecimguttata,1943,0,1
Myrrha octodecimguttata,1945,0,2
Myrrha octodecimguttata,1946,0,1
Myrrha octodecimguttata,1951,0,1
Myrrha octodecimguttata,1954,0,2
Myrrha octodecimguttata,1956,0,1
Myrrha octodecimguttata,1958,0,1
Myrrha octodecimguttata,1959,0,3
Myrrha octodecimguttata,1964,0,1
Myrrha octodecimguttata,1966,0,1
Myrrha octodecimguttata,1968,0,3
Myrrha octodecimguttata,1969,0,2
Myrrha octodecimguttata,1970,0,2
Myrrha octodecimguttata,1971,0,4
Myrrha octodecimguttata,1972,0,3
Myrrha octodecimguttata,1974,0,1
Myrrha octodecimguttata,1975,0,1
Myrrha octodecimguttata,1976,0,4
Myrrha octodecimguttata,1977,0,2
Myrrha octodecimguttata,1978,0,1
Myrrha octodecimguttata,1979,0,10
Myrrha octodecimguttata,1980,0,3
Myrrha octodecimguttata,1981,0,7
Myrrha octodecimguttata,1982,0,4
Myrrha octodecimguttata,1983,0,6
Myrrha octodecimguttata,1984,0,1
Myrrha octodecimguttata,1985,0,11
Myrrha octodecimguttata,1986,0,4
Myrrha octodecimguttata,1987,0,7
Myrrha octodecimguttata,1988,0,2
Myrrha octodecimguttata,1989,0,26
Myrrha octodecimguttata,1990,0,13
Myrrha octodecimguttata,1991,0,13
Myrrha octodecimguttata,1992,0,7
Myrrha octodecimguttata,1993,0,4
Myrrha octodecimguttata,1994,0,7
Myrrha octodecimguttata,1995,0,10
Myrrha octodecimguttata,1996,0,9
Myrrha octodecimguttata,1997,0,6
Myrrha octodecimguttata,1998,0,6
Myrrha octodecimguttata,1999,0,9
Myrrha octodecimguttata,2000,0,12
Myrrha octodecimguttata,2001,0,20
Myrrha octodecimguttata,2002,0,12
Myrrha octodecimguttata,2003,0,8
Myrrha octodecimguttata,2004,0,22
Myrrha octodecimguttata,2005,0,49
Myrrha octodecimguttata,2006,0,44
Myrrha octodecimguttata,2007,0,30
Myrrha octodecimguttata,2008,0,11
Myrrha octodecimguttata,2009,0,17
Rhyzobius forestieri,2017,3,0
Rhyzobius forestieri,2018,21,0
Rhyzobius forestieri,2019,38,0
Rhyzobius forestieri,2020,38,0
Rhyzobius lophanthae,2013,10,0
Rhyzobius lophanthae,2014,18,0
Rhyzobius lophanthae,2015,6,0
Rhyzobius lophanthae,2016,8,0
Rhyzobius lophanthae,2017,7,0
Rhyzobius lophanthae,2018,11,0
Rhyzobius lophanthae,2019,8,0
Rhyzobius lophanthae,2020,22,0
Rhyzobius lophanthae,1999,0,2
Rhyzobius lophanthae,2006,0,7
Rhyzobius lophanthae,2007,0,1
Scymnus interruptus,2012,5,0
Scymnus interruptus,2013,13,0
Scymnus interruptus,2014,40,0
Scymnus interruptus,2015,31,0
Scymnus interruptus,2016,38,0
Scymnus interruptus,2017,24,0
Scymnus interruptus,2018,34,0
Scymnus interruptus,2019,34,0
Scymnus interruptus,2020,24,0
Scymnus interruptus,1986,0,1
Scymnus interruptus,1996,0,3
Scymnus interruptus,2000,0,1
Scymnus interruptus,2003,0,2
Scymnus interruptus,2004,0,2
Scymnus interruptus,2005,0,2
Scymnus interruptus,2006,0,4
Scymnus interruptus,2007,0,1
Scymnus interruptus,2008,0,2
Scymnus interruptus,2009,0,1
Scymnus interruptus,2010,0,1
Nephus quadrimaculatus,1988,1,0
Nephus quadrimaculatus,2013,8,0
Nephus quadrimaculatus,2014,20,0
Nephus quadrimaculatus,2015,9,0
Nephus quadrimaculatus,2016,15,0
Nephus quadrimaculatus,2017,23,0
Nephus quadrimaculatus,2018,42,0
Nephus quadrimaculatus,2019,46,0
Nephus quadrimaculatus,2020,46,0
Nephus quadrimaculatus,1960,0,1
Nephus quadrimaculatus,1980,0,6
Nephus quadrimaculatus,1983,0,2
Nephus quadrimaculatus,1984,0,2
Nephus quadrimaculatus,1991,0,3
Nephus quadrimaculatus,1992,0,4
Nephus quadrimaculatus,1993,0,1
Nephus quadrimaculatus,1996,0,1
Nephus quadrimaculatus,1997,0,4
Nephus quadrimaculatus,1998,0,2
Nephus quadrimaculatus,1999,0,2
Nephus quadrimaculatus,2000,0,6
Nephus quadrimaculatus,2001,0,7
Nephus quadrimaculatus,2002,0,9
Nephus quadrimaculatus,2003,0,3
Nephus quadrimaculatus,2004,0,6
Nephus quadrimaculatus,2005,0,13
Nephus quadrimaculatus,2006,0,2
Nephus quadrimaculatus,2007,0,2
Nephus quadrimaculatus,2008,0,2
Nephus quadrimaculatus,2009,0,8
Nephus quadrimaculatus,2010,0,5
Nephus quadrimaculatus,2011,0,1
Hippodamia variegata,1990,2,23
Hippodamia variegata,1991,1,4
Hippodamia variegata,1994,2,26
Hippodamia variegata,2000,2,31
Hippodamia variegata,2004,1,77
Hippodamia variegata,2005,4,48
Hippodamia variegata,2006,2,90
Hippodamia variegata,2007,2,35
Hippodamia variegata,2008,7,35
Hippodamia variegata,2009,1,105
Hippodamia variegata,2010,11,29
Hippodamia variegata,2011,25,0
Hippodamia variegata,2012,2,0
Hippodamia variegata,2013,28,0
Hippodamia variegata,2014,25,0
Hippodamia variegata,2015,73,0
Hippodamia variegata,2016,35,0
Hippodamia variegata,2017,53,0
Hippodamia variegata,2018,86,0
Hippodamia variegata,2019,71,0
Hippodamia variegata,2020,63,0
Hippodamia variegata,1855,0,1
Hippodamia variegata,1886,0,2
Hippodamia variegata,1890,0,1
Hippodamia variegata,1892,0,1
Hippodamia variegata,1893,0,2
Hippodamia variegata,1896,0,1
Hippodamia variegata,1920,0,1
Hippodamia variegata,1935,0,2
Hippodamia variegata,1937,0,1
Hippodamia variegata,1941,0,2
Hippodamia variegata,1942,0,2
Hippodamia variegata,1945,0,1
Hippodamia variegata,1949,0,1
Hippodamia variegata,1953,0,1
Hippodamia variegata,1957,0,1
Hippodamia variegata,1958,0,1
Hippodamia variegata,1960,0,2
Hippodamia variegata,1961,0,1
Hippodamia variegata,1962,0,1
Hippodamia variegata,1965,0,2
Hippodamia variegata,1968,0,2
Hippodamia variegata,1971,0,1
Hippodamia variegata,1972,0,2
Hippodamia variegata,1975,0,1
Hippodamia variegata,1976,0,4
Hippodamia variegata,1977,0,3
Hippodamia variegata,1981,0,1
Hippodamia variegata,1982,0,3
Hippodamia variegata,1983,0,3
Hippodamia variegata,1984,0,5
Hippodamia variegata,1985,0,2
Hippodamia variegata,1986,0,3
Hippodamia variegata,1987,0,14
Hippodamia variegata,1988,0,6
Hippodamia variegata,1989,0,12
Hippodamia variegata,1992,0,17
Hippodamia variegata,1993,0,15
Hippodamia variegata,1995,0,61
Hippodamia variegata,1996,0,19
Hippodamia variegata,1997,0,16
Hippodamia variegata,1998,0,9
Hippodamia variegata,1999,0,30
Hippodamia variegata,2001,0,31
Hippodamia variegata,2002,0,36
Hippodamia variegata,2003,0,80
Harmonia quadripunctata,1984,1,11
Harmonia quadripunctata,1990,1,21
Harmonia quadripunctata,1994,1,13
Harmonia quadripunctata,1995,1,25
Harmonia quadripunctata,1998,1,5
Harmonia quadripunctata,1999,1,13
Harmonia quadripunctata,2000,1,30
Harmonia quadripunctata,2004,1,68
Harmonia quadripunctata,2005,1,86
Harmonia quadripunctata,2007,3,91
Harmonia quadripunctata,2008,1,17
Harmonia quadripunctata,2009,1,30
Harmonia quadripunctata,2010,8,15
Harmonia quadripunctata,2011,8,0
Harmonia quadripunctata,2012,2,0
Harmonia quadripunctata,2013,21,0
Harmonia quadripunctata,2014,27,0
Harmonia quadripunctata,2015,38,0
Harmonia quadripunctata,2016,37,0
Harmonia quadripunctata,2017,40,0
Harmonia quadripunctata,2018,35,0
Harmonia quadripunctata,2019,82,0
Harmonia quadripunctata,2020,73,0
Harmonia quadripunctata,1946,0,4
Harmonia quadripunctata,1953,0,3
Harmonia quadripunctata,1955,0,2
Harmonia quadripunctata,1958,0,5
Harmonia quadripunctata,1959,0,2
Harmonia quadripunctata,1961,0,2
Harmonia quadripunctata,1966,0,1
Harmonia quadripunctata,1967,0,3
Harmonia quadripunctata,1968,0,2
Harmonia quadripunctata,1969,0,6
Harmonia quadripunctata,1970,0,1
Harmonia quadripunctata,1971,0,11
Harmonia quadripunctata,1972,0,2
Harmonia quadripunctata,1974,0,1
Harmonia quadripunctata,1976,0,10
Harmonia quadripunctata,1977,0,3
Harmonia quadripunctata,1978,0,2
Harmonia quadripunctata,1979,0,3
Harmonia quadripunctata,1980,0,4
Harmonia quadripunctata,1981,0,9
Harmonia quadripunctata,1982,0,4
Harmonia quadripunctata,1983,0,11
Harmonia quadripunctata,1985,0,8
Harmonia quadripunctata,1986,0,2
Harmonia quadripunctata,1987,0,1
Harmonia quadripunctata,1988,0,7
Harmonia quadripunctata,1989,0,6
Harmonia quadripunctata,1991,0,13
Harmonia quadripunctata,1992,0,4
Harmonia quadripunctata,1993,0,3
Harmonia quadripunctata,1996,0,27
Harmonia quadripunctata,1997,0,16
Harmonia quadripunctata,2001,0,30
Harmonia quadripunctata,2002,0,36
Harmonia quadripunctata,2003,0,51
Harmonia quadripunctata,2006,0,145
Anatis ocellata,1977,1,10
Anatis ocellata,1979,2,10
Anatis ocellata,1981,1,16
Anatis ocellata,1982,1,12
Anatis ocellata,1983,1,25
Anatis ocellata,1984,1,24
Anatis ocellata,1985,1,28
Anatis ocellata,1989,1,41
Anatis ocellata,1995,1,51
Anatis ocellata,1999,1,14
Anatis ocellata,2000,2,17
Anatis ocellata,2004,1,49
Anatis ocellata,2005,1,141
Anatis ocellata,2007,3,90
Anatis ocellata,2008,2,32
Anatis ocellata,2009,4,43
Anatis ocellata,2010,13,34
Anatis ocellata,2011,16,1
Anatis ocellata,2012,7,0
Anatis ocellata,2013,14,0
Anatis ocellata,2014,16,0
Anatis ocellata,2015,57,0
Anatis ocellata,2016,46,0
Anatis ocellata,2017,49,0
Anatis ocellata,2018,47,0
Anatis ocellata,2019,85,0
Anatis ocellata,2020,85,0
Anatis ocellata,1848,0,3
Anatis ocellata,1881,0,1
Anatis ocellata,1888,0,1
Anatis ocellata,1890,0,1
Anatis ocellata,1893,0,1
Anatis ocellata,1894,0,2
Anatis ocellata,1897,0,1
Anatis ocellata,1899,0,4
Anatis ocellata,1900,0,1
Anatis ocellata,1902,0,1
Anatis ocellata,1904,0,1
Anatis ocellata,1906,0,2
Anatis ocellata,1912,0,1
Anatis ocellata,1916,0,2
Anatis ocellata,1919,0,1
Anatis ocellata,1920,0,1
Anatis ocellata,1925,0,2
Anatis ocellata,1929,0,2
Anatis ocellata,1930,0,1
Anatis ocellata,1935,0,1
Anatis ocellata,1936,0,1
Anatis ocellata,1938,0,7
Anatis ocellata,1941,0,1
Anatis ocellata,1945,0,3
Anatis ocellata,1948,0,1
Anatis ocellata,1951,0,1
Anatis ocellata,1952,0,1
Anatis ocellata,1955,0,1
Anatis ocellata,1956,0,4
Anatis ocellata,1957,0,1
Anatis ocellata,1958,0,1
Anatis ocellata,1959,0,3
Anatis ocellata,1960,0,3
Anatis ocellata,1961,0,5
Anatis ocellata,1964,0,1
Anatis ocellata,1966,0,1
Anatis ocellata,1969,0,2
Anatis ocellata,1970,0,2
Anatis ocellata,1971,0,6
Anatis ocellata,1972,0,1
Anatis ocellata,1973,0,2
Anatis ocellata,1974,0,1
Anatis ocellata,1975,0,1
Anatis ocellata,1976,0,6
Anatis ocellata,1978,0,12
Anatis ocellata,1980,0,19
Anatis ocellata,1986,0,20
Anatis ocellata,1987,0,16
Anatis ocellata,1988,0,11
Anatis ocellata,1990,0,40
Anatis ocellata,1991,0,35
Anatis ocellata,1992,0,41
Anatis ocellata,1993,0,32
Anatis ocellata,1994,0,17
Anatis ocellata,1996,0,38
Anatis ocellata,1997,0,25
Anatis ocellata,1998,0,20
Anatis ocellata,2001,0,32
Anatis ocellata,2002,0,23
Anatis ocellata,2003,0,20
Anatis ocellata,2006,0,90
Myzia oblongoguttata,1976,2,1
Myzia oblongoguttata,1978,1,10
Myzia oblongoguttata,1989,1,13
Myzia oblongoguttata,1990,1,5
Myzia oblongoguttata,2007,1,18
Myzia oblongoguttata,2010,2,11
Myzia oblongoguttata,2011,6,0
Myzia oblongoguttata,2013,6,0
Myzia oblongoguttata,2014,8,0
Myzia oblongoguttata,2015,21,0
Myzia oblongoguttata,2016,25,0
Myzia oblongoguttata,2017,19,0
Myzia oblongoguttata,2018,24,0
Myzia oblongoguttata,2019,25,0
Myzia oblongoguttata,2020,31,0
Myzia oblongoguttata,1600,0,1
Myzia oblongoguttata,1830,0,1
Myzia oblongoguttata,1844,0,1
Myzia oblongoguttata,1848,0,2
Myzia oblongoguttata,1870,0,1
Myzia oblongoguttata,1871,0,1
Myzia oblongoguttata,1878,0,1
Myzia oblongoguttata,1888,0,1
Myzia oblongoguttata,1894,0,3
Myzia oblongoguttata,1895,0,1
Myzia oblongoguttata,1897,0,1
Myzia oblongoguttata,1898,0,1
Myzia oblongoguttata,1899,0,1
Myzia oblongoguttata,1900,0,1
Myzia oblongoguttata,1904,0,1
Myzia oblongoguttata,1906,0,2
Myzia oblongoguttata,1907,0,3
Myzia oblongoguttata,1913,0,1
Myzia oblongoguttata,1915,0,1
Myzia oblongoguttata,1916,0,3
Myzia oblongoguttata,1920,0,2
Myzia oblongoguttata,1925,0,3
Myzia oblongoguttata,1929,0,1
Myzia oblongoguttata,1930,0,1
Myzia oblongoguttata,1936,0,1
Myzia oblongoguttata,1938,0,1
Myzia oblongoguttata,1941,0,2
Myzia oblongoguttata,1945,0,2
Myzia oblongoguttata,1955,0,1
Myzia oblongoguttata,1956,0,3
Myzia oblongoguttata,1957,0,2
Myzia oblongoguttata,1958,0,3
Myzia oblongoguttata,1959,0,1
Myzia oblongoguttata,1969,0,2
Myzia oblongoguttata,1970,0,1
Myzia oblongoguttata,1971,0,3
Myzia oblongoguttata,1977,0,10
Myzia oblongoguttata,1979,0,4
Myzia oblongoguttata,1980,0,2
Myzia oblongoguttata,1981,0,6
Myzia oblongoguttata,1982,0,2
Myzia oblongoguttata,1983,0,7
Myzia oblongoguttata,1984,0,7
Myzia oblongoguttata,1985,0,3
Myzia oblongoguttata,1986,0,2
Myzia oblongoguttata,1987,0,5
Myzia oblongoguttata,1988,0,5
Myzia oblongoguttata,1991,0,12
Myzia oblongoguttata,1992,0,7
Myzia oblongoguttata,1993,0,4
Myzia oblongoguttata,1994,0,9
Myzia oblongoguttata,1995,0,5
Myzia oblongoguttata,1996,0,5
Myzia oblongoguttata,1997,0,7
Myzia oblongoguttata,1998,0,2
Myzia oblongoguttata,1999,0,4
Myzia oblongoguttata,2000,0,1
Myzia oblongoguttata,2001,0,1
Myzia oblongoguttata,2002,0,9
Myzia oblongoguttata,2003,0,2
Myzia oblongoguttata,2004,0,8
Myzia oblongoguttata,2005,0,18
Myzia oblongoguttata,2006,0,15
Myzia oblongoguttata,2008,0,2
Myzia oblongoguttata,2009,0,13
Chilocorus bipustulatus,1983,1,9
Chilocorus bipustulatus,1988,1,4
Chilocorus bipustulatus,1990,1,16
Chilocorus bipustulatus,2007,1,62
Chilocorus bipustulatus,2010,3,7
Chilocorus bipustulatus,2011,7,0
Chilocorus bipustulatus,2012,5,0
Chilocorus bipustulatus,2013,9,0
Chilocorus bipustulatus,2014,10,0
Chilocorus bipustulatus,2015,12,0
Chilocorus bipustulatus,2016,13,0
Chilocorus bipustulatus,2017,11,0
Chilocorus bipustulatus,2018,16,0
Chilocorus bipustulatus,2019,45,0
Chilocorus bipustulatus,2020,16,0
Chilocorus bipustulatus,1830,0,1
Chilocorus bipustulatus,1848,0,2
Chilocorus bipustulatus,1884,0,1
Chilocorus bipustulatus,1890,0,2
Chilocorus bipustulatus,1895,0,3
Chilocorus bipustulatus,1896,0,1
Chilocorus bipustulatus,1897,0,1
Chilocorus bipustulatus,1900,0,1
Chilocorus bipustulatus,1902,0,2
Chilocorus bipustulatus,1907,0,1
Chilocorus bipustulatus,1914,0,1
Chilocorus bipustulatus,1919,0,2
Chilocorus bipustulatus,1920,0,1
Chilocorus bipustulatus,1922,0,2
Chilocorus bipustulatus,1927,0,1
Chilocorus bipustulatus,1934,0,2
Chilocorus bipustulatus,1935,0,2
Chilocorus bipustulatus,1936,0,3
Chilocorus bipustulatus,1938,0,1
Chilocorus bipustulatus,1960,0,1
Chilocorus bipustulatus,1961,0,2
Chilocorus bipustulatus,1965,0,5
Chilocorus bipustulatus,1967,0,1
Chilocorus bipustulatus,1970,0,2
Chilocorus bipustulatus,1971,0,6
Chilocorus bipustulatus,1973,0,1
Chilocorus bipustulatus,1976,0,2
Chilocorus bipustulatus,1977,0,2
Chilocorus bipustulatus,1978,0,2
Chilocorus bipustulatus,1979,0,1
Chilocorus bipustulatus,1980,0,1
Chilocorus bipustulatus,1982,0,4
Chilocorus bipustulatus,1984,0,17
Chilocorus bipustulatus,1985,0,8
Chilocorus bipustulatus,1986,0,1
Chilocorus bipustulatus,1989,0,17
Chilocorus bipustulatus,1991,0,15
Chilocorus bipustulatus,1992,0,16
Chilocorus bipustulatus,1993,0,12
Chilocorus bipustulatus,1994,0,3
Chilocorus bipustulatus,1995,0,6
Chilocorus bipustulatus,1996,0,4
Chilocorus bipustulatus,1997,0,2
Chilocorus bipustulatus,1998,0,7
Chilocorus bipustulatus,1999,0,13
Chilocorus bipustulatus,2000,0,13
Chilocorus bipustulatus,2001,0,20
Chilocorus bipustulatus,2002,0,15
Chilocorus bipustulatus,2003,0,11
Chilocorus bipustulatus,2004,0,38
Chilocorus bipustulatus,2005,0,28
Chilocorus bipustulatus,2006,0,51
Chilocorus bipustulatus,2008,0,4
Chilocorus bipustulatus,2009,0,5
Rhyzobius,2015,1,0
Rhyzobius,2016,2,0
Rhyzobius,2017,3,0
Rhyzobius,2018,2,0
Rhyzobius,2019,2,0
Rhyzobius,2020,2,0
Coccinella magnifica,2006,1,6
Coccinella magnifica,2008,1,7
Coccinella magnifica,2009,8,13
Coccinella magnifica,2010,6,1
Coccinella magnifica,2011,6,0
Coccinella magnifica,2012,1,0
Coccinella magnifica,2013,4,0
Coccinella magnifica,2014,2,0
Coccinella magnifica,2015,7,0
Coccinella magnifica,2016,16,0
Coccinella magnifica,2017,14,0
Coccinella magnifica,2018,6,0
Coccinella magnifica,2019,11,0
Coccinella magnifica,2020,8,0
Coccinella magnifica,1851,0,4
Coccinella magnifica,1938,0,1
Coccinella magnifica,1949,0,1
Coccinella magnifica,1966,0,1
Coccinella magnifica,1971,0,3
Coccinella magnifica,1973,0,2
Coccinella magnifica,1974,0,2
Coccinella magnifica,1976,0,1
Coccinella magnifica,1977,0,3
Coccinella magnifica,1984,0,1
Coccinella magnifica,1985,0,1
Coccinella magnifica,1986,0,2
Coccinella magnifica,1987,0,2
Coccinella magnifica,1988,0,5
Coccinella magnifica,1989,0,8
Coccinella magnifica,1990,0,5
Coccinella magnifica,1991,0,1
Coccinella magnifica,1992,0,2
Coccinella magnifica,1993,0,2
Coccinella magnifica,1994,0,1
Coccinella magnifica,1995,0,1
Coccinella magnifica,1996,0,5
Coccinella magnifica,1997,0,8
Coccinella magnifica,1998,0,8
Coccinella magnifica,1999,0,3
Coccinella magnifica,2000,0,1
Coccinella magnifica,2002,0,3
Coccinella magnifica,2003,0,2
Coccinella magnifica,2004,0,5
Coccinella magnifica,2005,0,15
Coccinella magnifica,2007,0,7
Coccinellidae,2008,1,0
Coccinellidae,2013,1,0
Coccinellidae,2014,5,0
Coccinellidae,2015,7,0
Coccinellidae,2016,1,0
Coccinellidae,2017,6,0
Coccinellidae,2018,5,0
Coccinellidae,2019,30,0
Coccinellidae,2020,11,0
Stethorus punctillum,1984,1,0
Stethorus punctillum,1990,1,3
Stethorus punctillum,2012,1,0
Stethorus punctillum,2014,2,0
Stethorus punctillum,2015,1,0
Stethorus punctillum,2016,6,0
Stethorus punctillum,2017,3,0
Stethorus punctillum,2018,19,0
Stethorus punctillum,2019,20,0
Stethorus punctillum,2020,19,0
Stethorus punctillum,1600,0,1
Stethorus punctillum,1850,0,1
Stethorus punctillum,1855,0,1
Stethorus punctillum,1892,0,1
Stethorus punctillum,1899,0,1
Stethorus punctillum,1900,0,1
Stethorus punctillum,1953,0,1
Stethorus punctillum,1960,0,1
Stethorus punctillum,1974,0,1
Stethorus punctillum,1978,0,3
Stethorus punctillum,1979,0,5
Stethorus punctillum,1983,0,1
Stethorus punctillum,1985,0,1
Stethorus punctillum,1986,0,1
Stethorus punctillum,1989,0,1
Stethorus punctillum,1991,0,4
Stethorus punctillum,1992,0,2
Stethorus punctillum,1994,0,1
Stethorus punctillum,1995,0,2
Stethorus punctillum,1996,0,6
Stethorus punctillum,1997,0,5
Stethorus punctillum,1998,0,4
Stethorus punctillum,1999,0,7
Stethorus punctillum,2000,0,3
Stethorus punctillum,2001,0,2
Stethorus punctillum,2002,0,2
Stethorus punctillum,2003,0,3
Stethorus punctillum,2004,0,3
Stethorus punctillum,2005,0,5
Stethorus punctillum,2006,0,4
Stethorus punctillum,2007,0,1
Stethorus punctillum,2008,0,2
Stethorus punctillum,2009,0,4
Stethorus punctillum,2010,0,2
Scymnus suturalis,1979,1,2
Scymnus suturalis,2011,16,1
Scymnus suturalis,2012,1,0
Scymnus suturalis,2013,2,0
Scymnus suturalis,2014,14,0
Scymnus suturalis,2015,16,0
Scymnus suturalis,2016,10,0
Scymnus suturalis,2017,12,0
Scymnus suturalis,2018,9,0
Scymnus suturalis,2019,33,0
Scymnus suturalis,2020,19,0
Scymnus suturalis,1850,0,1
Scymnus suturalis,1852,0,1
Scymnus suturalis,1854,0,1
Scymnus suturalis,1887,0,1
Scymnus suturalis,1888,0,1
Scymnus suturalis,1890,0,1
Scymnus suturalis,1891,0,1
Scymnus suturalis,1892,0,1
Scymnus suturalis,1899,0,1
Scymnus suturalis,1902,0,1
Scymnus suturalis,1904,0,1
Scymnus suturalis,1905,0,2
Scymnus suturalis,1915,0,1
Scymnus suturalis,1918,0,1
Scymnus suturalis,1919,0,1
Scymnus suturalis,1920,0,1
Scymnus suturalis,1921,0,1
Scymnus suturalis,1925,0,1
Scymnus suturalis,1928,0,2
Scymnus suturalis,1929,0,2
Scymnus suturalis,1931,0,1
Scymnus suturalis,1936,0,1
Scymnus suturalis,1938,0,1
Scymnus suturalis,1943,0,1
Scymnus suturalis,1944,0,1
Scymnus suturalis,1946,0,2
Scymnus suturalis,1947,0,1
Scymnus suturalis,1956,0,1
Scymnus suturalis,1961,0,3
Scymnus suturalis,1964,0,2
Scymnus suturalis,1967,0,1
Scymnus suturalis,1969,0,2
Scymnus suturalis,1971,0,4
Scymnus suturalis,1972,0,1
Scymnus suturalis,1973,0,1
Scymnus suturalis,1974,0,2
Scymnus suturalis,1975,0,1
Scymnus suturalis,1976,0,1
Scymnus suturalis,1977,0,1
Scymnus suturalis,1978,0,5
Scymnus suturalis,1980,0,10
Scymnus suturalis,1981,0,2
Scymnus suturalis,1982,0,3
Scymnus suturalis,1983,0,5
Scymnus suturalis,1984,0,7
Scymnus suturalis,1985,0,8
Scymnus suturalis,1986,0,5
Scymnus suturalis,1987,0,4
Scymnus suturalis,1988,0,3
Scymnus suturalis,1989,0,4
Scymnus suturalis,1990,0,4
Scymnus suturalis,1991,0,8
Scymnus suturalis,1992,0,8
Scymnus suturalis,1993,0,1
Scymnus suturalis,1994,0,9
Scymnus suturalis,1995,0,2
Scymnus suturalis,1996,0,8
Scymnus suturalis,1998,0,7
Scymnus suturalis,1999,0,9
Scymnus suturalis,2000,0,12
Scymnus suturalis,2001,0,14
Scymnus suturalis,2002,0,23
Scymnus suturalis,2003,0,19
Scymnus suturalis,2004,0,19
Scymnus suturalis,2005,0,19
Scymnus suturalis,2006,0,9
Scymnus suturalis,2007,0,11
Scymnus suturalis,2008,0,6
Scymnus suturalis,2009,0,25
Scymnus suturalis,2010,0,7
Clitostethus arcuatus,2010,2,2
Clitostethus arcuatus,2011,4,0
Clitostethus arcuatus,2016,1,0
Clitostethus arcuatus,2018,4,0
Clitostethus arcuatus,2019,4,0
Clitostethus arcuatus,2020,2,0
Clitostethus arcuatus,1872,0,2
Clitostethus arcuatus,1983,0,2
Clitostethus arcuatus,1992,0,2
Clitostethus arcuatus,1995,0,3
Clitostethus arcuatus,1996,0,2
Clitostethus arcuatus,1999,0,2
Clitostethus arcuatus,2000,0,1
Clitostethus arcuatus,2003,0,2
Clitostethus arcuatus,2004,0,2
Clitostethus arcuatus,2005,0,6
Clitostethus arcuatus,2007,0,3
Clitostethus arcuatus,2008,0,2
Platynaspis luteorubra,1984,1,0
Platynaspis luteorubra,2014,1,0
Platynaspis luteorubra,2016,1,0
Platynaspis luteorubra,2017,1,0
Platynaspis luteorubra,2018,7,0
Platynaspis luteorubra,2019,7,0
Platynaspis luteorubra,2020,3,0
Platynaspis luteorubra,1830,0,1
Platynaspis luteorubra,1908,0,1
Platynaspis luteorubra,1921,0,2
Platynaspis luteorubra,1934,0,1
Platynaspis luteorubra,1973,0,1
Platynaspis luteorubra,1976,0,4
Platynaspis luteorubra,1982,0,1
Platynaspis luteorubra,1988,0,2
Platynaspis luteorubra,1990,0,1
Platynaspis luteorubra,1991,0,1
Platynaspis luteorubra,1993,0,2
Platynaspis luteorubra,1994,0,4
Platynaspis luteorubra,1995,0,1
Platynaspis luteorubra,1997,0,3
Platynaspis luteorubra,1999,0,2
Platynaspis luteorubra,2000,0,7
Platynaspis luteorubra,2001,0,7
Platynaspis luteorubra,2002,0,8
Platynaspis luteorubra,2003,0,1
Platynaspis luteorubra,2004,0,2
Platynaspis luteorubra,2005,0,4
Platynaspis luteorubra,2006,0,2
Platynaspis luteorubra,2007,0,1
Platynaspis luteorubra,2008,0,7
Platynaspis luteorubra,2009,0,3
Platynaspis luteorubra,2010,0,2
Scymnus femoralis,1981,1,0
Scymnus femoralis,1996,1,8
Scymnus femoralis,2013,1,0
Scymnus femoralis,2015,1,0
Scymnus femoralis,2016,1,0
Scymnus femoralis,2017,1,0
Scymnus femoralis,2018,1,0
Scymnus femoralis,2019,1,0
Scymnus femoralis,1855,0,2
Scymnus femoralis,1899,0,1
Scymnus femoralis,1936,0,1
Scymnus femoralis,1951,0,1
Scymnus femoralis,1963,0,1
Scymnus femoralis,1970,0,1
Scymnus femoralis,1974,0,1
Scymnus femoralis,1978,0,1
Scymnus femoralis,1983,0,5
Scymnus femoralis,1992,0,3
Scymnus femoralis,1994,0,2
Scymnus femoralis,1995,0,3
Scymnus femoralis,1997,0,5
Scymnus femoralis,1998,0,1
Scymnus femoralis,1999,0,1
Scymnus femoralis,2000,0,5
Scymnus femoralis,2002,0,5
Scymnus femoralis,2003,0,1
Scymnus femoralis,2004,0,2
Scymnus femoralis,2005,0,2
Scymnus femoralis,2006,0,2
Scymnus femoralis,2007,0,1
Scymnus frontalis,2014,4,0
Scymnus frontalis,2016,2,0
Scymnus frontalis,2017,6,0
Scymnus frontalis,2018,13,0
Scymnus frontalis,2019,18,0
Scymnus frontalis,2020,13,0
Scymnus frontalis,1845,0,2
Scymnus frontalis,1855,0,2
Scymnus frontalis,1892,0,1
Scymnus frontalis,1899,0,1
Scymnus frontalis,1900,0,1
Scymnus frontalis,1903,0,1
Scymnus frontalis,1913,0,1
Scymnus frontalis,1916,0,1
Scymnus frontalis,1922,0,2
Scymnus frontalis,1948,0,1
Scymnus frontalis,1959,0,2
Scymnus frontalis,1961,0,1
Scymnus frontalis,1962,0,1
Scymnus frontalis,1973,0,3
Scymnus frontalis,1976,0,5
Scymnus frontalis,1977,0,1
Scymnus frontalis,1978,0,1
Scymnus frontalis,1979,0,2
Scymnus frontalis,1980,0,5
Scymnus frontalis,1982,0,1
Scymnus frontalis,1983,0,4
Scymnus frontalis,1984,0,7
Scymnus frontalis,1985,0,6
Scymnus frontalis,1986,0,1
Scymnus frontalis,1987,0,3
Scymnus frontalis,1988,0,1
Scymnus frontalis,1989,0,1
Scymnus frontalis,1990,0,3
Scymnus frontalis,1991,0,4
Scymnus frontalis,1992,0,8
Scymnus frontalis,1994,0,1
Scymnus frontalis,1995,0,3
Scymnus frontalis,1996,0,6
Scymnus frontalis,1997,0,9
Scymnus frontalis,1998,0,3
Scymnus frontalis,1999,0,7
Scymnus frontalis,2000,0,12
Scymnus frontalis,2001,0,9
Scymnus frontalis,2002,0,21
Scymnus frontalis,2003,0,8
Scymnus frontalis,2004,0,8
Scymnus frontalis,2005,0,9
Scymnus frontalis,2006,0,14
Scymnus frontalis,2007,0,7
Scymnus frontalis,2008,0,8
Scymnus frontalis,2009,0,16
Scymnus frontalis,2010,0,3
Coccinella quinquepunctata,2010,1,20
Coccinella quinquepunctata,2011,2,0
Coccinella quinquepunctata,2013,1,0
Coccinella quinquepunctata,2014,5,0
Coccinella quinquepunctata,2015,2,0
Coccinella quinquepunctata,2016,19,0
Coccinella quinquepunctata,2017,5,0
Coccinella quinquepunctata,2018,15,0
Coccinella quinquepunctata,2019,3,0
Coccinella quinquepunctata,2020,8,0
Coccinella quinquepunctata,1832,0,1
Coccinella quinquepunctata,1912,0,1
Coccinella quinquepunctata,1913,0,1
Coccinella quinquepunctata,1935,0,2
Coccinella quinquepunctata,1938,0,1
Coccinella quinquepunctata,1941,0,1
Coccinella quinquepunctata,1953,0,1
Coccinella quinquepunctata,1986,0,1
Coccinella quinquepunctata,1987,0,43
Coccinella quinquepunctata,1989,0,9
Coccinella quinquepunctata,1990,0,5
Coccinella quinquepunctata,1991,0,5
Coccinella quinquepunctata,1992,0,1
Coccinella quinquepunctata,1993,0,1
Coccinella quinquepunctata,1994,0,1
Coccinella quinquepunctata,1995,0,2
Coccinella quinquepunctata,1996,0,1
Coccinella quinquepunctata,1997,0,6
Coccinella quinquepunctata,1999,0,6
Coccinella quinquepunctata,2000,0,1
Coccinella quinquepunctata,2002,0,3
Coccinella quinquepunctata,2004,0,8
Coccinella quinquepunctata,2005,0,5
Coccinella quinquepunctata,2006,0,8
Coccinella quinquepunctata,2007,0,4
Coccinella quinquepunctata,2008,0,4
Coccinella hieroglyphica,1995,1,19
Coccinella hieroglyphica,2006,3,9
Coccinella hieroglyphica,2009,1,22
Coccinella hieroglyphica,2011,2,0
Coccinella hieroglyphica,2013,6,0
Coccinella hieroglyphica,2014,12,0
Coccinella hieroglyphica,2015,19,0
Coccinella hieroglyphica,2016,6,0
Coccinella hieroglyphica,2017,5,0
Coccinella hieroglyphica,2018,15,0
Coccinella hieroglyphica,2019,37,0
Coccinella hieroglyphica,2020,20,0
Coccinella hieroglyphica,1600,0,1
Coccinella hieroglyphica,1894,0,1
Coccinella hieroglyphica,1895,0,1
Coccinella hieroglyphica,1896,0,1
Coccinella hieroglyphica,1897,0,1
Coccinella hieroglyphica,1898,0,1
Coccinella hieroglyphica,1899,0,2
Coccinella hieroglyphica,1900,0,5
Coccinella hieroglyphica,1901,0,1
Coccinella hieroglyphica,1902,0,1
Coccinella hieroglyphica,1904,0,1
Coccinella hieroglyphica,1913,0,4
Coccinella hieroglyphica,1915,0,1
Coccinella hieroglyphica,1919,0,1
Coccinella hieroglyphica,1920,0,3
Coccinella hieroglyphica,1923,0,1
Coccinella hieroglyphica,1924,0,1
Coccinella hieroglyphica,1931,0,2
Coccinella hieroglyphica,1935,0,1
Coccinella hieroglyphica,1936,0,1
Coccinella hieroglyphica,1937,0,1
Coccinella hieroglyphica,1939,0,1
Coccinella hieroglyphica,1944,0,1
Coccinella hieroglyphica,1945,0,1
Coccinella hieroglyphica,1946,0,1
Coccinella hieroglyphica,1947,0,1
Coccinella hieroglyphica,1953,0,2
Coccinella hieroglyphica,1956,0,2
Coccinella hieroglyphica,1958,0,1
Coccinella hieroglyphica,1959,0,2
Coccinella hieroglyphica,1960,0,1
Coccinella hieroglyphica,1965,0,2
Coccinella hieroglyphica,1966,0,2
Coccinella hieroglyphica,1968,0,1
Coccinella hieroglyphica,1969,0,5
Coccinella hieroglyphica,1970,0,5
Coccinella hieroglyphica,1971,0,1
Coccinella hieroglyphica,1973,0,1
Coccinella hieroglyphica,1974,0,1
Coccinella hieroglyphica,1975,0,1
Coccinella hieroglyphica,1976,0,6
Coccinella hieroglyphica,1980,0,7
Coccinella hieroglyphica,1981,0,2
Coccinella hieroglyphica,1982,0,3
Coccinella hieroglyphica,1983,0,6
Coccinella hieroglyphica,1984,0,12
Coccinella hieroglyphica,1985,0,9
Coccinella hieroglyphica,1986,0,8
Coccinella hieroglyphica,1987,0,11
Coccinella hieroglyphica,1988,0,25
Coccinella hieroglyphica,1989,0,28
Coccinella hieroglyphica,1990,0,9
Coccinella hieroglyphica,1991,0,10
Coccinella hieroglyphica,1992,0,15
Coccinella hieroglyphica,1993,0,12
Coccinella hieroglyphica,1994,0,11
Coccinella hieroglyphica,1996,0,3
Coccinella hieroglyphica,1997,0,4
Coccinella hieroglyphica,1999,0,10
Coccinella hieroglyphica,2000,0,17
Coccinella hieroglyphica,2001,0,15
Coccinella hieroglyphica,2002,0,7
Coccinella hieroglyphica,2003,0,7
Coccinella hieroglyphica,2004,0,12
Coccinella hieroglyphica,2005,0,22
Coccinella hieroglyphica,2007,0,5
Coccinella hieroglyphica,2008,0,2
Coccinella hieroglyphica,2010,0,4
Hippodamia tredecimpunctata,2011,4,0
Hippodamia tredecimpunctata,2013,2,0
Hippodamia tredecimpunctata,2014,2,0
Hippodamia tredecimpunctata,2015,5,0
Hippodamia tredecimpunctata,2017,3,0
Hippodamia tredecimpunctata,2018,1,0
Hippodamia tredecimpunctata,1854,0,2
Hippodamia tredecimpunctata,1855,0,2
Hippodamia tredecimpunctata,1885,0,2
Hippodamia tredecimpunctata,1888,0,4
Hippodamia tredecimpunctata,1893,0,1
Hippodamia tredecimpunctata,1894,0,1
Hippodamia tredecimpunctata,1897,0,5
Hippodamia tredecimpunctata,1898,0,3
Hippodamia tredecimpunctata,1902,0,2
Hippodamia tredecimpunctata,1911,0,3
Hippodamia tredecimpunctata,1927,0,1
Hippodamia tredecimpunctata,1938,0,1
Hippodamia tredecimpunctata,1980,0,1
Hippodamia tredecimpunctata,1988,0,2
Hippodamia tredecimpunctata,2002,0,2
Hippodamia tredecimpunctata,2003,0,4
Hippodamia tredecimpunctata,2004,0,5
Hippodamia tredecimpunctata,2005,0,1
Hippodamia tredecimpunctata,2006,0,2
Hippodamia tredecimpunctata,2008,0,2
Hippodamia tredecimpunctata,2009,0,3
Hippodamia tredecimpunctata,2010,0,2
Nephus redtenbacheri,2011,1,0
Nephus redtenbacheri,2013,2,0
Nephus redtenbacheri,2014,3,0
Nephus redtenbacheri,2016,3,0
Nephus redtenbacheri,2017,3,0
Nephus redtenbacheri,2018,8,0
Nephus redtenbacheri,2019,10,0
Nephus redtenbacheri,2020,2,0
Nephus redtenbacheri,1888,0,1
Nephus redtenbacheri,1889,0,1
Nephus redtenbacheri,1894,0,1
Nephus redtenbacheri,1897,0,1
Nephus redtenbacheri,1899,0,1
Nephus redtenbacheri,1900,0,1
Nephus redtenbacheri,1901,0,1
Nephus redtenbacheri,1905,0,1
Nephus redtenbacheri,1910,0,1
Nephus redtenbacheri,1919,0,1
Nephus redtenbacheri,1941,0,2
Nephus redtenbacheri,1946,0,1
Nephus redtenbacheri,1949,0,1
Nephus redtenbacheri,1950,0,1
Nephus redtenbacheri,1952,0,1
Nephus redtenbacheri,1971,0,1
Nephus redtenbacheri,1973,0,2
Nephus redtenbacheri,1974,0,1
Nephus redtenbacheri,1975,0,2
Nephus redtenbacheri,1976,0,4
Nephus redtenbacheri,1977,0,2
Nephus redtenbacheri,1978,0,4
Nephus redtenbacheri,1982,0,1
Nephus redtenbacheri,1983,0,7
Nephus redtenbacheri,1984,0,6
Nephus redtenbacheri,1985,0,2
Nephus redtenbacheri,1986,0,5
Nephus redtenbacheri,1987,0,7
Nephus redtenbacheri,1988,0,8
Nephus redtenbacheri,1989,0,8
Nephus redtenbacheri,1990,0,10
Nephus redtenbacheri,1991,0,10
Nephus redtenbacheri,1992,0,23
Nephus redtenbacheri,1993,0,4
Nephus redtenbacheri,1994,0,5
Nephus redtenbacheri,1995,0,6
Nephus redtenbacheri,1996,0,9
Nephus redtenbacheri,1997,0,1
Nephus redtenbacheri,1998,0,6
Nephus redtenbacheri,1999,0,2
Nephus redtenbacheri,2000,0,3
Nephus redtenbacheri,2001,0,5
Nephus redtenbacheri,2002,0,5
Nephus redtenbacheri,2003,0,9
Nephus redtenbacheri,2004,0,13
Nephus redtenbacheri,2005,0,8
Nephus redtenbacheri,2006,0,6
Nephus redtenbacheri,2007,0,1
Nephus redtenbacheri,2008,0,4
Nephus redtenbacheri,2009,0,4
Nephus redtenbacheri,2010,0,1
Scymnus haemorrhoidalis,1988,1,2
Scymnus haemorrhoidalis,1990,1,7
Scymnus haemorrhoidalis,2001,1,7
Scymnus haemorrhoidalis,2005,2,6
Scymnus haemorrhoidalis,2013,2,0
Scymnus haemorrhoidalis,2014,2,0
Scymnus haemorrhoidalis,2015,2,0
Scymnus haemorrhoidalis,2016,3,0
Scymnus haemorrhoidalis,2017,3,0
Scymnus haemorrhoidalis,2018,3,0
Scymnus haemorrhoidalis,2019,7,0
Scymnus haemorrhoidalis,2020,12,0
Scymnus haemorrhoidalis,1600,0,1
Scymnus haemorrhoidalis,1855,0,2
Scymnus haemorrhoidalis,1892,0,1
Scymnus haemorrhoidalis,1899,0,2
Scymnus haemorrhoidalis,1900,0,1
Scymnus haemorrhoidalis,1904,0,1
Scymnus haemorrhoidalis,1919,0,1
Scymnus haemorrhoidalis,1920,0,1
Scymnus haemorrhoidalis,1922,0,3
Scymnus haemorrhoidalis,1936,0,1
Scymnus haemorrhoidalis,1941,0,1
Scymnus haemorrhoidalis,1947,0,2
Scymnus haemorrhoidalis,1953,0,2
Scymnus haemorrhoidalis,1956,0,1
Scymnus haemorrhoidalis,1958,0,2
Scymnus haemorrhoidalis,1960,0,1
Scymnus haemorrhoidalis,1961,0,3
Scymnus haemorrhoidalis,1962,0,1
Scymnus haemorrhoidalis,1966,0,1
Scymnus haemorrhoidalis,1968,0,1
Scymnus haemorrhoidalis,1971,0,2
Scymnus haemorrhoidalis,1973,0,1
Scymnus haemorrhoidalis,1976,0,3
Scymnus haemorrhoidalis,1977,0,2
Scymnus haemorrhoidalis,1978,0,1
Scymnus haemorrhoidalis,1980,0,1
Scymnus haemorrhoidalis,1983,0,5
Scymnus haemorrhoidalis,1984,0,11
Scymnus haemorrhoidalis,1985,0,5
Scymnus haemorrhoidalis,1986,0,2
Scymnus haemorrhoidalis,1987,0,4
Scymnus haemorrhoidalis,1991,0,4
Scymnus haemorrhoidalis,1992,0,1
Scymnus haemorrhoidalis,1993,0,2
Scymnus haemorrhoidalis,1994,0,1
Scymnus haemorrhoidalis,1995,0,1
Scymnus haemorrhoidalis,1996,0,3
Scymnus haemorrhoidalis,1997,0,6
Scymnus haemorrhoidalis,1998,0,3
Scymnus haemorrhoidalis,1999,0,2
Scymnus haemorrhoidalis,2000,0,5
Scymnus haemorrhoidalis,2002,0,10
Scymnus haemorrhoidalis,2003,0,4
Scymnus haemorrhoidalis,2004,0,10
Scymnus haemorrhoidalis,2006,0,9
Scymnus haemorrhoidalis,2007,0,2
Scymnus haemorrhoidalis,2008,0,2
Scymnus haemorrhoidalis,2009,0,6
Scymnus auritus,1984,1,17
Scymnus auritus,1992,1,6
Scymnus auritus,2010,1,1
Scymnus auritus,2011,5,0
Scymnus auritus,2014,3,0
Scymnus auritus,2015,4,0
Scymnus auritus,2016,1,0
Scymnus auritus,2017,4,0
Scymnus auritus,2018,3,0
Scymnus auritus,2019,9,0
Scymnus auritus,2020,9,0
Scymnus auritus,1892,0,1
Scymnus auritus,1898,0,1
Scymnus auritus,1899,0,3
Scymnus auritus,1900,0,1
Scymnus auritus,1902,0,3
Scymnus auritus,1903,0,1
Scymnus auritus,1904,0,1
Scymnus auritus,1905,0,1
Scymnus auritus,1913,0,1
Scymnus auritus,1920,0,1
Scymnus auritus,1930,0,1
Scymnus auritus,1935,0,1
Scymnus auritus,1936,0,1
Scymnus auritus,1938,0,1
Scymnus auritus,1940,0,1
Scymnus auritus,1944,0,1
Scymnus auritus,1947,0,1
Scymnus auritus,1951,0,1
Scymnus auritus,1957,0,2
Scymnus auritus,1958,0,2
Scymnus auritus,1960,0,3
Scymnus auritus,1962,0,1
Scymnus auritus,1963,0,1
Scymnus auritus,1964,0,1
Scymnus auritus,1965,0,3
Scymnus auritus,1966,0,2
Scymnus auritus,1968,0,2
Scymnus auritus,1969,0,2
Scymnus auritus,1970,0,2
Scymnus auritus,1971,0,3
Scymnus auritus,1972,0,3
Scymnus auritus,1973,0,2
Scymnus auritus,1974,0,1
Scymnus auritus,1975,0,7
Scymnus auritus,1976,0,8
Scymnus auritus,1977,0,6
Scymnus auritus,1978,0,8
Scymnus auritus,1979,0,7
Scymnus auritus,1980,0,8
Scymnus auritus,1982,0,2
Scymnus auritus,1983,0,4
Scymnus auritus,1985,0,7
Scymnus auritus,1986,0,6
Scymnus auritus,1987,0,1
Scymnus auritus,1988,0,3
Scymnus auritus,1989,0,2
Scymnus auritus,1990,0,5
Scymnus auritus,1991,0,4
Scymnus auritus,1993,0,4
Scymnus auritus,1994,0,3
Scymnus auritus,1995,0,2
Scymnus auritus,1996,0,14
Scymnus auritus,1997,0,7
Scymnus auritus,1998,0,6
Scymnus auritus,1999,0,2
Scymnus auritus,2000,0,9
Scymnus auritus,2001,0,1
Scymnus auritus,2002,0,7
Scymnus auritus,2003,0,11
Scymnus auritus,2004,0,6
Scymnus auritus,2005,0,3
Scymnus auritus,2006,0,3
Scymnus auritus,2007,0,6
Scymnus auritus,2008,0,2
Scymnus auritus,2009,0,1
Adalia,2012,1,0
Adalia,2015,3,0
Adalia,2016,3,0
Adalia,2017,5,0
Adalia,2019,6,0
Adalia,2020,4,0
Scymnus nigrinus,2014,1,0
Scymnus nigrinus,2018,1,0
Scymnus nigrinus,2020,1,0
Scymnus nigrinus,1600,0,1
Scymnus nigrinus,1894,0,1
Scymnus nigrinus,1908,0,1
Scymnus nigrinus,1916,0,1
Scymnus nigrinus,1929,0,1
Scymnus nigrinus,1944,0,1
Scymnus nigrinus,1956,0,2
Scymnus nigrinus,1961,0,1
Scymnus nigrinus,1968,0,2
Scymnus nigrinus,1973,0,4
Scymnus nigrinus,1974,0,3
Scymnus nigrinus,1975,0,1
Scymnus nigrinus,1984,0,2
Scymnus nigrinus,1987,0,2
Scymnus nigrinus,1988,0,1
Scymnus nigrinus,1989,0,2
Scymnus nigrinus,1991,0,6
Scymnus nigrinus,1993,0,1
Scymnus nigrinus,1996,0,1
Scymnus nigrinus,1998,0,2
Scymnus nigrinus,1999,0,1
Scymnus nigrinus,2001,0,1
Scymnus nigrinus,2005,0,2
Scymnus nigrinus,2010,0,2
Hyperaspis pseudopustulata,2010,3,1
Hyperaspis pseudopustulata,2012,2,0
Hyperaspis pseudopustulata,2015,1,0
Hyperaspis pseudopustulata,2017,1,0
Hyperaspis pseudopustulata,2018,2,0
Hyperaspis pseudopustulata,2019,1,0
Hyperaspis pseudopustulata,2020,1,0
Hyperaspis pseudopustulata,1600,0,1
Hyperaspis pseudopustulata,1848,0,4
Hyperaspis pseudopustulata,1895,0,1
Hyperaspis pseudopustulata,1899,0,1
Hyperaspis pseudopustulata,1900,0,1
Hyperaspis pseudopustulata,1902,0,1
Hyperaspis pseudopustulata,1903,0,1
Hyperaspis pseudopustulata,1915,0,1
Hyperaspis pseudopustulata,1916,0,1
Hyperaspis pseudopustulata,1920,0,1
Hyperaspis pseudopustulata,1923,0,2
Hyperaspis pseudopustulata,1936,0,1
Hyperaspis pseudopustulata,1945,0,1
Hyperaspis pseudopustulata,1960,0,1
Hyperaspis pseudopustulata,1971,0,1
Hyperaspis pseudopustulata,1974,0,2
Hyperaspis pseudopustulata,1975,0,1
Hyperaspis pseudopustulata,1976,0,1
Hyperaspis pseudopustulata,1978,0,1
Hyperaspis pseudopustulata,1980,0,2
Hyperaspis pseudopustulata,1982,0,1
Hyperaspis pseudopustulata,1983,0,2
Hyperaspis pseudopustulata,1984,0,1
Hyperaspis pseudopustulata,1988,0,7
Hyperaspis pseudopustulata,1989,0,7
Hyperaspis pseudopustulata,1990,0,4
Hyperaspis pseudopustulata,1991,0,1
Hyperaspis pseudopustulata,1992,0,2
Hyperaspis pseudopustulata,1993,0,1
Hyperaspis pseudopustulata,1994,0,2
Hyperaspis pseudopustulata,1996,0,1
Hyperaspis pseudopustulata,1998,0,1
Hyperaspis pseudopustulata,1999,0,1
Hyperaspis pseudopustulata,2000,0,2
Hyperaspis pseudopustulata,2001,0,1
Hyperaspis pseudopustulata,2002,0,1
Hyperaspis pseudopustulata,2004,0,5
Hyperaspis pseudopustulata,2005,0,3
Hyperaspis pseudopustulata,2006,0,1
Hyperaspis pseudopustulata,2008,0,1
Henosepilachna argus,2008,1,9
Henosepilachna argus,2010,2,5
Henosepilachna argus,2011,2,0
Henosepilachna argus,2013,1,0
Henosepilachna argus,2014,16,0
Henosepilachna argus,2015,6,0
Henosepilachna argus,2016,13,0
Henosepilachna argus,2017,12,0
Henosepilachna argus,2018,11,0
Henosepilachna argus,2019,46,0
Henosepilachna argus,2020,34,0
Henosepilachna argus,1997,0,1
Henosepilachna argus,1998,0,5
Henosepilachna argus,1999,0,7
Henosepilachna argus,2000,0,30
Henosepilachna argus,2001,0,16
Henosepilachna argus,2002,0,22
Henosepilachna argus,2003,0,7
Henosepilachna argus,2004,0,17
Henosepilachna argus,2005,0,4
Henosepilachna argus,2006,0,3
Henosepilachna argus,2007,0,6
Henosepilachna argus,2009,0,13
Coccidula scutellata,2013,1,0
Coccidula scutellata,2014,8,0
Coccidula scutellata,2015,4,0
Coccidula scutellata,2016,4,0
Coccidula scutellata,2017,4,0
Coccidula scutellata,2018,5,0
Coccidula scutellata,2019,12,0
Coccidula scutellata,2020,3,0
Coccidula scutellata,1900,0,3
Coccidula scutellata,1902,0,1
Coccidula scutellata,1903,0,2
Coccidula scutellata,1905,0,1
Coccidula scutellata,1926,0,1
Coccidula scutellata,1944,0,1
Coccidula scutellata,1945,0,1
Coccidula scutellata,1955,0,2
Coccidula scutellata,1956,0,1
Coccidula scutellata,1957,0,2
Coccidula scutellata,1960,0,1
Coccidula scutellata,1961,0,1
Coccidula scutellata,1962,0,2
Coccidula scutellata,1965,0,1
Coccidula scutellata,1966,0,4
Coccidula scutellata,1969,0,1
Coccidula scutellata,1972,0,2
Coccidula scutellata,1973,0,1
Coccidula scutellata,1974,0,1
Coccidula scutellata,1975,0,3
Coccidula scutellata,1976,0,1
Coccidula scutellata,1977,0,5
Coccidula scutellata,1978,0,4
Coccidula scutellata,1979,0,3
Coccidula scutellata,1980,0,3
Coccidula scutellata,1981,0,2
Coccidula scutellata,1982,0,4
Coccidula scutellata,1983,0,4
Coccidula scutellata,1984,0,15
Coccidula scutellata,1985,0,4
Coccidula scutellata,1986,0,12
Coccidula scutellata,1987,0,1
Coccidula scutellata,1988,0,2
Coccidula scutellata,1989,0,4
Coccidula scutellata,1990,0,3
Coccidula scutellata,1991,0,4
Coccidula scutellata,1992,0,18
Coccidula scutellata,1993,0,8
Coccidula scutellata,1994,0,6
Coccidula scutellata,1995,0,5
Coccidula scutellata,1997,0,6
Coccidula scutellata,1998,0,2
Coccidula scutellata,1999,0,11
Coccidula scutellata,2000,0,11
Coccidula scutellata,2001,0,14
Coccidula scutellata,2002,0,6
Coccidula scutellata,2003,0,10
Coccidula scutellata,2004,0,6
Coccidula scutellata,2005,0,10
Coccidula scutellata,2006,0,6
Coccidula scutellata,2007,0,5
Coccidula scutellata,2008,0,2
Coccidula scutellata,2009,0,9
Scymnus schmidti,2004,1,4
Scymnus schmidti,2011,1,0
Scymnus schmidti,2013,2,0
Scymnus schmidti,2014,1,0
Scymnus schmidti,2015,1,0
Scymnus schmidti,2016,3,0
Scymnus schmidti,2019,3,0
Scymnus schmidti,1948,0,2
Scymnus schmidti,1961,0,1
Scymnus schmidti,1962,0,2
Scymnus schmidti,1966,0,1
Scymnus schmidti,1974,0,1
Scymnus schmidti,1976,0,2
Scymnus schmidti,1977,0,4
Scymnus schmidti,1978,0,3
Scymnus schmidti,1983,0,5
Scymnus schmidti,1984,0,2
Scymnus schmidti,1985,0,1
Scymnus schmidti,1987,0,1
Scymnus schmidti,1992,0,4
Scymnus schmidti,1993,0,2
Scymnus schmidti,1994,0,2
Scymnus schmidti,1995,0,3
Scymnus schmidti,1996,0,2
Scymnus schmidti,1997,0,7
Scymnus schmidti,1999,0,11
Scymnus schmidti,2000,0,1
Scymnus schmidti,2002,0,1
Scymnus schmidti,2003,0,3
Scymnus schmidti,2005,0,3
Scymnus schmidti,2006,0,8
Scymnus schmidti,2009,0,2
Coccinella,2011,1,0
Coccinella,2017,1,0
Coccinella,2018,3,0
Coccinella,2019,3,0
Harmonia,2014,2,0
Harmonia,2015,1,0
Harmonia,2016,1,0
Harmonia,2017,6,0
Harmonia,2018,7,0
Harmonia,2019,1,0
Harmonia,2020,4,0
Harmonia,2009,0,1
Scymnus,2016,1,0
Scymnus,2017,1,0
Scymnus,2018,2,0
Exochomus,2020,1,0
Cryptolaemus montrouzieri,2014,1,0
Cryptolaemus montrouzieri,2018,1,0
Cryptolaemus montrouzieri,2020,1,0
Cryptolaemus montrouzieri,2007,0,1
Scymnus limbatus,1993,1,1
Scymnus limbatus,2007,1,2
Scymnus limbatus,2015,1,0
Scymnus limbatus,2018,1,0
Scymnus limbatus,1878,0,1
Scymnus limbatus,1900,0,1
Scymnus limbatus,1905,0,1
Scymnus limbatus,1912,0,1
Scymnus limbatus,1915,0,1
Scymnus limbatus,1919,0,1
Scymnus limbatus,1933,0,1
Scymnus limbatus,1942,0,1
Scymnus limbatus,1943,0,1
Scymnus limbatus,1945,0,2
Scymnus limbatus,1973,0,1
Scymnus limbatus,1975,0,2
Scymnus limbatus,1982,0,1
Scymnus limbatus,1983,0,1
Scymnus limbatus,1984,0,1
Scymnus limbatus,1987,0,1
Scymnus limbatus,1990,0,2
Scymnus limbatus,1991,0,1
Scymnus limbatus,1992,0,2
Scymnus limbatus,1994,0,7
Scymnus limbatus,1995,0,3
Scymnus limbatus,1996,0,6
Scymnus limbatus,1997,0,1
Scymnus limbatus,2003,0,3
Scymnus limbatus,2008,0,2
Oenopia conglobata,2014,1,0
Scymnus rubromaculatus,1961,0,1
Scymnus rubromaculatus,2000,0,2
Rodolia cardinalis,2003,0,4
Rodolia cardinalis,2006,0,1
Hippodamia,2003,0,1
Hippodamia,2007,0,1
Hippodamia,2008,0,1
Vibidia duodecimguttata,1902,0,1
Vibidia duodecimguttata,1973,0,1
Nephus bisignatus,1996,0,1
Exochomus nigromaculatus,1967,0,2
